,job_id,job_family_id
0,0,7
1,1,8
2,2,17
3,3,7
4,4,8
5,5,8
6,6,8
7,7,11
8,8,6
9,9,1
10,10,6
11,11,6
12,12,6
13,13,14
14,14,8
15,15,13
16,16,14
17,17,6
18,18,14
19,19,6
20,20,18
21,21,5
22,22,8
23,23,18
24,24,15
25,25,0
26,26,14
27,27,7
28,28,0
29,29,8
30,30,6
31,31,1
32,32,4
33,33,0
34,34,8
35,35,0
36,36,15
37,37,0
38,38,8
39,39,0
40,40,1
41,41,8
42,42,9
43,43,8
44,44,1
45,45,8
46,46,3
47,47,14
48,48,8
49,49,5
50,50,13
51,51,6
52,52,1
53,53,14
54,54,11
55,55,9
56,56,6
57,57,8
58,58,0
59,59,8
60,60,1
61,61,1
62,62,16
63,63,10
64,64,1
65,65,6
66,66,14
67,67,9
68,68,0
69,69,15
70,70,7
71,71,16
72,72,1
73,73,19
74,74,14
75,75,14
76,76,11
77,77,6
78,78,0
79,79,1
80,80,8
81,81,0
82,82,12
83,83,13
84,84,8
85,85,3
86,86,8
87,87,5
88,88,6
89,89,14
90,90,8
91,91,6
92,92,8
93,93,0
94,94,5
95,95,6
96,96,5
97,97,14
98,98,5
99,99,6
100,100,17
101,101,8
102,102,6
103,103,0
104,104,12
105,105,13
106,106,4
107,107,0
108,108,5
109,109,0
110,110,6
111,111,15
112,112,0
113,113,6
114,114,7
115,115,8
116,116,14
117,117,6
118,118,16
119,119,8
120,120,0
121,121,0
122,122,0
123,123,14
124,124,12
125,125,8
126,126,8
127,127,11
128,128,6
129,129,16
130,130,8
131,131,1
132,132,0
133,133,8
134,134,0
135,135,5
136,136,14
137,137,11
138,138,9
139,139,0
140,140,0
141,141,6
142,142,0
143,143,14
144,144,8
145,145,14
146,146,12
147,147,8
148,148,9
149,149,3
150,150,9
151,151,1
152,152,14
153,153,7
154,154,1
155,155,14
156,156,6
157,157,14
158,158,8
159,159,6
160,160,14
161,161,6
162,162,6
163,163,18
164,164,7
165,165,7
166,166,1
167,167,19
168,168,14
169,169,18
170,170,16
171,171,12
172,172,14
173,173,6
174,174,7
175,175,0
176,176,6
177,177,3
178,178,5
179,179,2
180,180,8
181,181,15
182,182,8
183,183,0
184,184,8
185,185,15
186,186,14
187,187,18
188,188,13
189,189,5
190,190,6
191,191,8
192,192,7
193,193,15
194,194,5
195,195,3
196,196,10
197,197,1
198,198,1
199,199,5
200,200,6
201,201,3
202,202,0
203,203,12
204,204,12
205,205,6
206,206,6
207,207,11
208,208,3
209,209,0
210,210,11
211,211,1
212,212,1
213,213,5
214,214,0
215,215,7
216,216,5
217,217,8
218,218,0
219,219,19
220,220,17
221,221,1
222,222,16
223,223,0
224,224,18
225,225,1
226,226,17
227,227,11
228,228,6
229,229,14
230,230,8
231,231,8
232,232,4
233,233,8
234,234,16
235,235,14
236,236,6
237,237,6
238,238,14
239,239,1
240,240,8
241,241,6
242,242,16
243,243,0
244,244,1
245,245,7
246,246,18
247,247,8
248,248,11
249,249,7
250,250,0
251,251,6
252,252,14
253,253,13
254,254,12
255,255,6
256,256,1
257,257,12
258,258,8
259,259,8
260,260,5
261,261,17
262,262,16
263,263,12
264,264,14
265,265,17
266,266,5
267,267,6
268,268,15
269,269,5
270,270,1
271,271,1
272,272,11
273,273,16
274,274,9
275,275,0
276,276,6
277,277,8
278,278,8
279,279,8
280,280,8
281,281,7
282,282,8
283,283,2
284,284,19
285,285,8
286,286,12
287,287,6
288,288,8
289,289,6
290,290,0
291,291,14
292,292,8
293,293,5
294,294,5
295,295,12
296,296,8
297,297,1
298,298,8
299,299,0
300,300,10
301,301,14
302,302,6
303,303,14
304,304,8
305,305,8
306,306,7
307,307,4
308,308,8
309,309,17
310,310,16
311,311,6
312,312,16
313,313,14
314,314,14
315,315,0
316,316,5
317,317,17
318,318,6
319,319,8
320,320,19
321,321,6
322,322,6
323,323,16
324,324,6
325,325,18
326,326,18
327,327,0
328,328,10
329,329,6
330,330,19
331,331,6
332,332,3
333,333,9
334,334,0
335,335,18
336,336,0
337,337,12
338,338,14
339,339,0
340,340,14
341,341,6
342,342,1
343,343,1
344,344,15
345,345,6
346,346,17
347,347,6
348,348,14
349,349,6
350,350,14
351,351,15
352,352,3
353,353,18
354,354,14
355,355,6
356,356,8
357,357,8
358,358,13
359,359,3
360,360,15
361,361,6
362,362,19
363,363,6
364,364,6
365,365,0
366,366,12
367,367,19
368,368,9
369,369,14
370,370,8
371,371,15
372,372,15
373,373,6
374,374,6
375,375,6
376,376,8
377,377,19
378,378,15
379,379,10
380,380,16
381,381,9
382,382,8
383,383,8
384,384,3
385,385,8
386,386,8
387,387,6
388,388,8
389,389,11
390,390,15
391,391,6
392,392,5
393,393,7
394,394,6
395,395,0
396,396,1
397,397,7
398,398,0
399,399,6
400,400,9
401,401,0
402,402,0
403,403,7
404,404,9
405,405,11
406,406,14
407,407,12
408,408,14
409,409,15
410,410,14
411,411,3
412,412,18
413,413,15
414,414,8
415,415,18
416,416,1
417,417,2
418,418,17
419,419,5
420,420,11
421,421,4
422,422,13
423,423,7
424,424,3
425,425,6
426,426,12
427,427,3
428,428,6
429,429,15
430,430,5
431,431,15
432,432,6
433,433,4
434,434,8
435,435,7
436,436,16
437,437,7
438,438,5
439,439,12
440,440,8
441,441,6
442,442,14
443,443,17
444,444,14
445,445,17
446,446,5
447,447,19
448,448,8
449,449,5
450,450,4
451,451,17
452,452,6
453,453,8
454,454,12
455,455,4
456,456,16
457,457,8
458,458,17
459,459,16
460,460,6
461,461,6
462,462,17
463,463,6
464,464,9
465,465,6
466,466,3
467,467,19
468,468,14
469,469,12
470,470,0
471,471,0
472,472,13
473,473,19
474,474,10
475,475,6
476,476,15
477,477,8
478,478,2
479,479,6
480,480,2
481,481,7
482,482,7
483,483,14
484,484,14
485,485,6
486,486,11
487,487,15
488,488,8
489,489,8
490,490,12
491,491,8
492,492,8
493,493,6
494,494,2
495,495,17
496,496,14
497,497,2
498,498,9
499,499,8
500,500,4
501,501,14
502,502,11
503,503,0
504,504,6
505,505,18
506,506,15
507,507,5
508,508,16
509,509,13
510,510,8
511,511,0
512,512,14
513,513,6
514,514,11
515,515,16
516,516,7
517,517,17
518,518,3
519,519,0
520,520,6
521,521,12
522,522,11
523,523,0
524,524,6
525,525,3
526,526,0
527,527,13
528,528,6
529,529,7
530,530,17
531,531,19
532,532,15
533,533,3
534,534,4
535,535,12
536,536,4
537,537,0
538,538,17
539,539,13
540,540,17
541,541,8
542,542,18
543,543,18
544,544,11
545,545,6
546,546,9
547,547,17
548,548,16
549,549,13
550,550,7
551,551,6
552,552,17
553,553,18
554,554,0
555,555,11
556,556,0
557,557,0
558,558,18
559,559,8
560,560,12
561,561,15
562,562,5
563,563,12
564,564,10
565,565,12
566,566,3
567,567,15
568,568,16
569,569,6
570,570,4
571,571,10
572,572,13
573,573,12
574,574,7
575,575,11
576,576,10
577,577,13
578,578,14
579,579,14
580,580,6
581,581,0
582,582,11
583,583,10
584,584,7
585,585,8
586,586,0
587,587,0
588,588,2
589,589,6
590,590,3
591,591,17
592,592,11
593,593,19
594,594,13
595,595,13
596,596,11
597,597,9
598,598,12
599,599,7
600,600,13
601,601,3
602,602,8
603,603,3
604,604,7
605,605,19
606,606,0
607,607,16
608,608,0
609,609,7
610,610,19
611,611,0
612,612,7
613,613,17
614,614,17
615,615,17
616,616,11
617,617,19
618,618,9
619,619,7
620,620,3
621,621,19
622,622,19
623,623,7
624,624,14
625,625,0
626,626,4
627,627,8
628,628,17
629,629,16
630,630,19
631,631,19
632,632,7
633,633,15
634,634,3
635,635,2
636,636,8
637,637,17
638,638,19
639,639,1
640,640,8
641,641,17
642,642,19
643,643,0
644,644,13
645,645,8
646,646,17
647,647,13
648,648,7
649,649,14
650,650,3
651,651,4
652,652,6
653,653,19
654,654,8
655,655,5
656,656,0
657,657,7
658,658,14
659,659,9
660,660,4
661,661,4
662,662,2
663,663,18
664,664,3
665,665,19
666,666,15
667,667,18
668,668,17
669,669,10
670,670,6
671,671,0
672,672,12
673,673,17
674,674,2
675,675,19
676,676,19
677,677,5
678,678,11
679,679,19
680,680,1
681,681,12
682,682,15
683,683,17
684,684,15
685,685,0
686,686,16
687,687,14
688,688,4
689,689,13
690,690,4
691,691,17
692,692,6
693,693,8
694,694,10
695,695,1
696,696,7
697,697,5
698,698,18
699,699,8
700,700,5
701,701,8
702,702,17
703,703,8
704,704,12
705,705,5
706,706,6
707,707,10
708,708,8
709,709,1
710,710,12
711,711,13
712,712,8
713,713,12
714,714,0
715,715,6
716,716,6
717,717,8
718,718,7
719,719,12
720,720,6
721,721,0
722,722,8
723,723,6
724,724,15
725,725,0
726,726,17
727,727,10
728,728,7
729,729,15
730,730,0
731,731,6
732,732,8
733,733,15
734,734,2
735,735,15
736,736,0
737,737,0
738,738,6
739,739,12
740,740,18
741,741,6
742,742,8
743,743,5
744,744,12
745,745,1
746,746,6
747,747,14
748,748,6
749,749,15
750,750,8
751,751,0
752,752,5
753,753,12
754,754,15
755,755,1
756,756,9
757,757,8
758,758,2
759,759,12
760,760,6
761,761,14
762,762,0
763,763,1
764,764,5
765,765,0
766,766,5
767,767,8
768,768,4
769,769,9
770,770,19
771,771,15
772,772,6
773,773,7
774,774,1
775,775,0
776,776,6
777,777,2
778,778,3
779,779,0
780,780,3
781,781,11
782,782,7
783,783,15
784,784,8
785,785,7
786,786,11
787,787,12
788,788,9
789,789,3
790,790,0
791,791,3
792,792,11
793,793,1
794,794,17
795,795,1
796,796,13
797,797,8
798,798,17
799,799,6
800,800,6
801,801,11
802,802,13
803,803,8
804,804,14
805,805,17
806,806,9
807,807,0
808,808,5
809,809,8
810,810,0
811,811,7
812,812,16
813,813,7
814,814,7
815,815,8
816,816,2
817,817,9
818,818,7
819,819,11
820,820,0
821,821,16
822,822,12
823,823,7
824,824,7
825,825,0
826,826,12
827,827,18
828,828,0
829,829,5
830,830,5
831,831,17
832,832,6
833,833,8
834,834,6
835,835,12
836,836,5
837,837,15
838,838,7
839,839,8
840,840,12
841,841,4
842,842,0
843,843,12
844,844,16
845,845,14
846,846,19
847,847,7
848,848,6
849,849,10
850,850,13
851,851,12
852,852,0
853,853,15
854,854,5
855,855,19
856,856,7
857,857,11
858,858,5
859,859,12
860,860,14
861,861,17
862,862,0
863,863,1
864,864,5
865,865,11
866,866,16
867,867,5
868,868,6
869,869,12
870,870,6
871,871,15
872,872,7
873,873,10
874,874,1
875,875,13
876,876,0
877,877,18
878,878,6
879,879,2
880,880,8
881,881,12
882,882,14
883,883,8
884,884,13
885,885,10
886,886,6
887,887,19
888,888,7
889,889,15
890,890,1
891,891,6
892,892,7
893,893,6
894,894,13
895,895,0
896,896,10
897,897,15
898,898,17
899,899,4
900,900,8
901,901,5
902,902,15
903,903,6
904,904,14
905,905,14
906,906,19
907,907,15
908,908,11
909,909,17
910,910,9
911,911,18
912,912,3
913,913,13
914,914,5
915,915,6
916,916,10
917,917,2
918,918,14
919,919,13
920,920,3
921,921,0
922,922,14
923,923,5
924,924,8
925,925,12
926,926,13
927,927,7
928,928,17
929,929,2
930,930,0
931,931,5
932,932,15
933,933,19
934,934,4
935,935,11
936,936,2
937,937,4
938,938,12
939,939,18
940,940,0
941,941,17
942,942,12
943,943,0
944,944,0
945,945,7
946,946,0
947,947,13
948,948,7
949,949,8
950,950,10
951,951,3
952,952,7
953,953,15
954,954,5
955,955,13
956,956,3
957,957,10
958,958,15
959,959,8
960,960,16
961,961,15
962,962,4
963,963,16
964,964,3
965,965,0
966,966,1
967,967,19
968,968,17
969,969,12
970,970,3
971,971,17
972,972,8
973,973,17
974,974,16
975,975,4
976,976,4
977,977,19
978,978,7
979,979,8
980,980,9
981,981,4
982,982,19
983,983,18
984,984,0
985,985,3
986,986,6
987,987,15
988,988,10
989,989,14
990,990,15
991,991,7
992,992,9
993,993,3
994,994,7
995,995,6
996,996,18
997,997,7
998,998,4
999,999,4
1000,1000,4
1001,1001,12
1002,1002,12
1003,1003,10
1004,1004,16
1005,1005,5
1006,1006,8
1007,1007,1
1008,1008,7
1009,1009,3
1010,1010,1
1011,1011,8
1012,1012,14
1013,1013,3
1014,1014,8
1015,1015,1
1016,1016,3
1017,1017,14
1018,1018,0
1019,1019,14
1020,1020,2
1021,1021,9
1022,1022,6
1023,1023,0
1024,1024,4
1025,1025,8
1026,1026,2
1027,1027,12
1028,1028,5
1029,1029,4
1030,1030,1
1031,1031,5
1032,1032,5
1033,1033,2
1034,1034,12
1035,1035,11
1036,1036,8
1037,1037,15
1038,1038,5
1039,1039,1
1040,1040,17
1041,1041,2
1042,1042,12
1043,1043,5
1044,1044,14
1045,1045,2
1046,1046,8
1047,1047,8
1048,1048,12
1049,1049,6
1050,1050,2
1051,1051,1
1052,1052,4
1053,1053,7
1054,1054,8
1055,1055,8
1056,1056,6
1057,1057,8
1058,1058,12
1059,1059,14
1060,1060,15
1061,1061,15
1062,1062,6
1063,1063,9
1064,1064,5
1065,1065,6
1066,1066,6
1067,1067,0
1068,1068,8
1069,1069,3
1070,1070,2
1071,1071,10
1072,1072,8
1073,1073,3
1074,1074,0
1075,1075,17
1076,1076,8
1077,1077,8
1078,1078,13
1079,1079,6
1080,1080,6
1081,1081,6
1082,1082,6
1083,1083,12
1084,1084,5
1085,1085,8
1086,1086,6
1087,1087,12
1088,1088,12
1089,1089,12
1090,1090,3
1091,1091,10
1092,1092,16
1093,1093,12
1094,1094,6
1095,1095,6
1096,1096,5
1097,1097,1
1098,1098,4
1099,1099,0
1100,1100,2
1101,1101,17
1102,1102,12
1103,1103,6
1104,1104,17
1105,1105,0
1106,1106,18
1107,1107,6
1108,1108,15
1109,1109,18
1110,1110,0
1111,1111,5
1112,1112,17
1113,1113,6
1114,1114,17
1115,1115,0
1116,1116,7
1117,1117,2
1118,1118,5
1119,1119,7
1120,1120,13
1121,1121,15
1122,1122,6
1123,1123,9
1124,1124,15
1125,1125,9
1126,1126,18
1127,1127,17
1128,1128,5
1129,1129,9
1130,1130,17
1131,1131,8
1132,1132,9
1133,1133,10
1134,1134,18
1135,1135,16
1136,1136,6
1137,1137,19
1138,1138,3
1139,1139,17
1140,1140,10
1141,1141,5
1142,1142,10
1143,1143,9
1144,1144,17
1145,1145,11
1146,1146,6
1147,1147,5
1148,1148,17
1149,1149,12
1150,1150,7
1151,1151,9
1152,1152,10
1153,1153,14
1154,1154,5
1155,1155,0
1156,1156,6
1157,1157,17
1158,1158,4
1159,1159,1
1160,1160,7
1161,1161,17
1162,1162,8
1163,1163,13
1164,1164,19
1165,1165,11
1166,1166,10
1167,1167,12
1168,1168,7
1169,1169,5
1170,1170,16
1171,1171,3
1172,1172,3
1173,1173,4
1174,1174,17
1175,1175,17
1176,1176,6
1177,1177,14
1178,1178,17
1179,1179,9
1180,1180,17
1181,1181,10
1182,1182,17
1183,1183,1
1184,1184,18
1185,1185,4
1186,1186,19
1187,1187,10
1188,1188,4
1189,1189,7
1190,1190,4
1191,1191,12
1192,1192,15
1193,1193,0
1194,1194,7
1195,1195,18
1196,1196,17
1197,1197,17
1198,1198,5
1199,1199,17
1200,1200,4
1201,1201,5
1202,1202,19
1203,1203,12
1204,1204,2
1205,1205,15
1206,1206,5
1207,1207,19
1208,1208,10
1209,1209,1
1210,1210,7
1211,1211,16
1212,1212,14
1213,1213,14
1214,1214,13
1215,1215,6
1216,1216,17
1217,1217,7
1218,1218,0
1219,1219,5
1220,1220,1
1221,1221,14
1222,1222,12
1223,1223,7
1224,1224,14
1225,1225,4
1226,1226,8
1227,1227,8
1228,1228,4
1229,1229,11
1230,1230,4
1231,1231,6
1232,1232,19
1233,1233,5
1234,1234,9
1235,1235,5
1236,1236,9
1237,1237,18
1238,1238,0
1239,1239,7
1240,1240,5
1241,1241,17
1242,1242,4
1243,1243,17
1244,1244,3
1245,1245,4
1246,1246,19
1247,1247,4
1248,1248,4
1249,1249,4
1250,1250,15
1251,1251,18
1252,1252,17
1253,1253,8
1254,1254,8
1255,1255,9
1256,1256,9
1257,1257,4
1258,1258,5
1259,1259,5
1260,1260,5
1261,1261,7
1262,1262,10
1263,1263,5
1264,1264,8
1265,1265,8
1266,1266,11
1267,1267,6
1268,1268,14
1269,1269,4
1270,1270,10
1271,1271,8
1272,1272,0
1273,1273,14
1274,1274,8
1275,1275,4
1276,1276,4
1277,1277,8
1278,1278,5
1279,1279,4
1280,1280,4
1281,1281,4
1282,1282,14
1283,1283,12
1284,1284,17
1285,1285,14
1286,1286,4
1287,1287,7
1288,1288,11
1289,1289,18
1290,1290,12
1291,1291,11
1292,1292,4
1293,1293,5
1294,1294,11
1295,1295,11
1296,1296,11
1297,1297,11
1298,1298,6
1299,1299,0
1300,1300,17
1301,1301,18
1302,1302,5
1303,1303,12
1304,1304,6
1305,1305,8
1306,1306,18
1307,1307,5
1308,1308,8
1309,1309,3
1310,1310,6
1311,1311,7
1312,1312,9
1313,1313,18
1314,1314,13
1315,1315,15
1316,1316,15
1317,1317,6
1318,1318,8
1319,1319,0
1320,1320,1
1321,1321,6
1322,1322,12
1323,1323,3
1324,1324,19
1325,1325,3
1326,1326,1
1327,1327,14
1328,1328,9
1329,1329,12
1330,1330,4
1331,1331,6
1332,1332,0
1333,1333,15
1334,1334,14
1335,1335,0
1336,1336,8
1337,1337,9
1338,1338,7
1339,1339,3
1340,1340,4
1341,1341,7
1342,1342,1
1343,1343,5
1344,1344,1
1345,1345,0
1346,1346,3
1347,1347,11
1348,1348,7
1349,1349,6
1350,1350,7
1351,1351,0
1352,1352,8
1353,1353,8
1354,1354,6
1355,1355,11
1356,1356,7
1357,1357,0
1358,1358,9
1359,1359,17
1360,1360,1
1361,1361,0
1362,1362,18
1363,1363,5
1364,1364,16
1365,1365,6
1366,1366,9
1367,1367,1
1368,1368,10
1369,1369,13
1370,1370,11
1371,1371,5
1372,1372,11
1373,1373,14
1374,1374,7
1375,1375,2
1376,1376,6
1377,1377,6
1378,1378,0
1379,1379,19
1380,1380,5
1381,1381,18
1382,1382,12
1383,1383,8
1384,1384,4
1385,1385,14
1386,1386,11
1387,1387,6
1388,1388,18
1389,1389,8
1390,1390,10
1391,1391,6
1392,1392,17
1393,1393,7
1394,1394,14
1395,1395,13
1396,1396,5
1397,1397,18
1398,1398,11
1399,1399,13
1400,1400,2
1401,1401,16
1402,1402,10
1403,1403,5
1404,1404,3
1405,1405,9
1406,1406,2
1407,1407,4
1408,1408,0
1409,1409,9
1410,1410,2
1411,1411,2
1412,1412,8
1413,1413,7
1414,1414,19
1415,1415,3
1416,1416,4
1417,1417,1
1418,1418,16
1419,1419,3
1420,1420,10
1421,1421,0
1422,1422,18
1423,1423,8
1424,1424,8
1425,1425,7
1426,1426,8
1427,1427,1
1428,1428,5
1429,1429,19
1430,1430,19
1431,1431,3
1432,1432,17
1433,1433,8
1434,1434,18
1435,1435,18
1436,1436,2
1437,1437,15
1438,1438,13
1439,1439,8
1440,1440,13
1441,1441,14
1442,1442,1
1443,1443,4
1444,1444,2
1445,1445,8
1446,1446,14
1447,1447,8
1448,1448,7
1449,1449,16
1450,1450,18
1451,1451,11
1452,1452,3
1453,1453,17
1454,1454,14
1455,1455,5
1456,1456,12
1457,1457,16
1458,1458,19
1459,1459,13
1460,1460,8
1461,1461,13
1462,1462,3
1463,1463,5
1464,1464,1
1465,1465,3
1466,1466,5
1467,1467,5
1468,1468,5
1469,1469,10
1470,1470,4
1471,1471,17
1472,1472,14
1473,1473,11
1474,1474,8
1475,1475,10
1476,1476,12
1477,1477,10
1478,1478,19
1479,1479,5
1480,1480,0
1481,1481,4
1482,1482,3
1483,1483,17
1484,1484,5
1485,1485,5
1486,1486,0
1487,1487,0
1488,1488,9
1489,1489,17
1490,1490,7
1491,1491,11
1492,1492,13
1493,1493,2
1494,1494,10
1495,1495,13
1496,1496,12
1497,1497,1
1498,1498,5
1499,1499,5
1500,1500,1
1501,1501,12
1502,1502,13
1503,1503,14
1504,1504,7
1505,1505,4
1506,1506,10
1507,1507,7
1508,1508,13
1509,1509,5
1510,1510,18
1511,1511,3
1512,1512,6
1513,1513,5
1514,1514,14
1515,1515,7
1516,1516,5
1517,1517,18
1518,1518,12
1519,1519,10
1520,1520,10
1521,1521,4
1522,1522,12
1523,1523,15
1524,1524,4
1525,1525,10
1526,1526,1
1527,1527,1
1528,1528,19
1529,1529,4
1530,1530,12
1531,1531,11
1532,1532,17
1533,1533,14
1534,1534,2
1535,1535,4
1536,1536,14
1537,1537,19
1538,1538,5
1539,1539,12
1540,1540,18
1541,1541,13
1542,1542,5
1543,1543,1
1544,1544,13
1545,1545,17
1546,1546,10
1547,1547,3
1548,1548,5
1549,1549,18
1550,1550,11
1551,1551,18
1552,1552,14
1553,1553,8
1554,1554,12
1555,1555,5
1556,1556,11
1557,1557,4
1558,1558,7
1559,1559,10
1560,1560,5
1561,1561,11
1562,1562,18
1563,1563,13
1564,1564,5
1565,1565,9
1566,1566,9
1567,1567,18
1568,1568,12
1569,1569,4
1570,1570,12
1571,1571,18
1572,1572,10
1573,1573,8
1574,1574,12
1575,1575,12
1576,1576,13
1577,1577,19
1578,1578,10
1579,1579,13
1580,1580,11
1581,1581,11
1582,1582,11
1583,1583,10
1584,1584,5
1585,1585,10
1586,1586,11
1587,1587,13
1588,1588,14
1589,1589,11
1590,1590,5
1591,1591,11
1592,1592,5
1593,1593,3
1594,1594,1
1595,1595,8
1596,1596,5
1597,1597,6
1598,1598,7
1599,1599,6
1600,1600,8
1601,1601,14
1602,1602,1
1603,1603,16
1604,1604,9
1605,1605,6
1606,1606,6
1607,1607,0
1608,1608,6
1609,1609,15
1610,1610,6
1611,1611,17
1612,1612,13
1613,1613,8
1614,1614,8
1615,1615,5
1616,1616,3
1617,1617,8
1618,1618,7
1619,1619,11
1620,1620,0
1621,1621,16
1622,1622,5
1623,1623,5
1624,1624,8
1625,1625,18
1626,1626,0
1627,1627,7
1628,1628,6
1629,1629,6
1630,1630,11
1631,1631,7
1632,1632,6
1633,1633,2
1634,1634,15
1635,1635,17
1636,1636,10
1637,1637,8
1638,1638,14
1639,1639,17
1640,1640,5
1641,1641,10
1642,1642,0
1643,1643,5
1644,1644,0
1645,1645,15
1646,1646,0
1647,1647,19
1648,1648,0
1649,1649,19
1650,1650,3
1651,1651,7
1652,1652,12
1653,1653,9
1654,1654,14
1655,1655,3
1656,1656,8
1657,1657,17
1658,1658,12
1659,1659,14
1660,1660,19
1661,1661,3
1662,1662,5
1663,1663,13
1664,1664,5
1665,1665,6
1666,1666,8
1667,1667,11
1668,1668,5
1669,1669,0
1670,1670,6
1671,1671,5
1672,1672,5
1673,1673,19
1674,1674,9
1675,1675,16
1676,1676,19
1677,1677,6
1678,1678,18
1679,1679,8
1680,1680,4
1681,1681,19
1682,1682,19
1683,1683,3
1684,1684,0
1685,1685,13
1686,1686,0
1687,1687,19
1688,1688,16
1689,1689,17
1690,1690,19
1691,1691,6
1692,1692,7
1693,1693,11
1694,1694,1
1695,1695,18
1696,1696,12
1697,1697,17
1698,1698,11
1699,1699,8
1700,1700,13
1701,1701,12
1702,1702,17
1703,1703,6
1704,1704,5
1705,1705,9
1706,1706,7
1707,1707,14
1708,1708,0
1709,1709,5
1710,1710,3
1711,1711,0
1712,1712,1
1713,1713,5
1714,1714,8
1715,1715,10
1716,1716,19
1717,1717,17
1718,1718,19
1719,1719,12
1720,1720,16
1721,1721,4
1722,1722,18
1723,1723,19
1724,1724,17
1725,1725,17
1726,1726,9
1727,1727,18
1728,1728,19
1729,1729,7
1730,1730,12
1731,1731,2
1732,1732,17
1733,1733,11
1734,1734,14
1735,1735,3
1736,1736,6
1737,1737,17
1738,1738,11
1739,1739,17
1740,1740,17
1741,1741,18
1742,1742,15
1743,1743,11
1744,1744,17
1745,1745,6
1746,1746,8
1747,1747,7
1748,1748,5
1749,1749,6
1750,1750,10
1751,1751,5
1752,1752,11
1753,1753,5
1754,1754,10
1755,1755,17
1756,1756,13
1757,1757,6
1758,1758,17
1759,1759,15
1760,1760,11
1761,1761,17
1762,1762,17
1763,1763,2
1764,1764,16
1765,1765,17
1766,1766,5
1767,1767,3
1768,1768,5
1769,1769,17
1770,1770,12
1771,1771,5
1772,1772,11
1773,1773,10
1774,1774,3
1775,1775,8
1776,1776,0
1777,1777,5
1778,1778,17
1779,1779,18
1780,1780,11
1781,1781,15
1782,1782,7
1783,1783,12
1784,1784,19
1785,1785,17
1786,1786,17
1787,1787,6
1788,1788,13
1789,1789,15
1790,1790,10
1791,1791,17
1792,1792,11
1793,1793,14
1794,1794,17
1795,1795,17
1796,1796,16
1797,1797,11
1798,1798,17
1799,1799,17
1800,1800,5
1801,1801,17
1802,1802,17
1803,1803,17
1804,1804,11
1805,1805,4
1806,1806,16
1807,1807,7
1808,1808,19
1809,1809,0
1810,1810,8
1811,1811,11
1812,1812,8
1813,1813,6
1814,1814,17
1815,1815,14
1816,1816,17
1817,1817,6
1818,1818,18
1819,1819,17
1820,1820,17
1821,1821,9
1822,1822,10
1823,1823,17
1824,1824,6
1825,1825,15
1826,1826,0
1827,1827,9
1828,1828,17
1829,1829,13
1830,1830,17
1831,1831,14
1832,1832,10
1833,1833,10
1834,1834,8
1835,1835,2
1836,1836,17
1837,1837,7
1838,1838,3
1839,1839,11
1840,1840,18
1841,1841,10
1842,1842,12
1843,1843,5
1844,1844,0
1845,1845,11
1846,1846,17
1847,1847,11
1848,1848,12
1849,1849,14
1850,1850,17
1851,1851,15
1852,1852,5
1853,1853,17
1854,1854,17
1855,1855,14
1856,1856,15
1857,1857,17
1858,1858,11
1859,1859,8
1860,1860,12
1861,1861,17
1862,1862,4
1863,1863,17
1864,1864,3
1865,1865,11
1866,1866,5
1867,1867,19
1868,1868,17
1869,1869,9
1870,1870,17
1871,1871,16
1872,1872,8
1873,1873,11
1874,1874,17
1875,1875,1
1876,1876,11
1877,1877,19
1878,1878,7
1879,1879,1
1880,1880,5
1881,1881,15
1882,1882,17
1883,1883,10
1884,1884,14
1885,1885,8
1886,1886,19
1887,1887,19
1888,1888,4
1889,1889,3
1890,1890,3
1891,1891,17
1892,1892,17
1893,1893,17
1894,1894,10
1895,1895,4
1896,1896,17
1897,1897,17
1898,1898,19
1899,1899,17
1900,1900,12
1901,1901,11
1902,1902,17
1903,1903,17
1904,1904,8
1905,1905,5
1906,1906,17
1907,1907,0
1908,1908,7
1909,1909,17
1910,1910,8
1911,1911,12
1912,1912,17
1913,1913,10
1914,1914,8
1915,1915,8
1916,1916,7
1917,1917,17
1918,1918,14
1919,1919,17
1920,1920,8
1921,1921,8
1922,1922,16
1923,1923,4
1924,1924,3
1925,1925,17
1926,1926,17
1927,1927,5
1928,1928,11
1929,1929,19
1930,1930,6
1931,1931,3
1932,1932,13
1933,1933,12
1934,1934,17
1935,1935,4
1936,1936,10
1937,1937,15
1938,1938,2
1939,1939,5
1940,1940,4
1941,1941,4
1942,1942,17
1943,1943,8
1944,1944,6
1945,1945,12
1946,1946,5
1947,1947,1
1948,1948,19
1949,1949,8
1950,1950,5
1951,1951,8
1952,1952,9
1953,1953,3
1954,1954,6
1955,1955,1
1956,1956,0
1957,1957,0
1958,1958,8
1959,1959,0
1960,1960,6
1961,1961,14
1962,1962,11
1963,1963,8
1964,1964,7
1965,1965,6
1966,1966,6
1967,1967,6
1968,1968,5
1969,1969,6
1970,1970,6
1971,1971,9
1972,1972,14
1973,1973,3
1974,1974,15
1975,1975,0
1976,1976,12
1977,1977,0
1978,1978,14
1979,1979,12
1980,1980,0
1981,1981,0
1982,1982,19
1983,1983,11
1984,1984,13
1985,1985,4
1986,1986,13
1987,1987,12
1988,1988,4
1989,1989,6
1990,1990,7
1991,1991,12
1992,1992,16
1993,1993,13
1994,1994,4
1995,1995,16
1996,1996,3
1997,1997,13
1998,1998,0
1999,1999,14
2000,2000,7
2001,2001,7
2002,2002,5
2003,2003,17
2004,2004,7
2005,2005,14
2006,2006,13
2007,2007,12
2008,2008,12
2009,2009,14
2010,2010,19
2011,2011,13
2012,2012,1
2013,2013,17
2014,2014,14
2015,2015,12
2016,2016,14
2017,2017,7
2018,2018,14
2019,2019,7
2020,2020,17
2021,2021,14
2022,2022,16
2023,2023,19
2024,2024,19
2025,2025,7
2026,2026,6
2027,2027,19
2028,2028,12
2029,2029,10
2030,2030,3
2031,2031,19
2032,2032,2
2033,2033,12
2034,2034,11
2035,2035,19
2036,2036,16
2037,2037,3
2038,2038,17
2039,2039,5
2040,2040,12
2041,2041,3
2042,2042,12
2043,2043,4
2044,2044,1
2045,2045,7
2046,2046,5
2047,2047,10
2048,2048,11
2049,2049,4
2050,2050,19
2051,2051,6
2052,2052,3
2053,2053,19
2054,2054,2
2055,2055,11
2056,2056,12
2057,2057,4
2058,2058,10
2059,2059,17
2060,2060,4
2061,2061,7
2062,2062,4
2063,2063,3
2064,2064,6
2065,2065,4
2066,2066,3
2067,2067,5
2068,2068,3
2069,2069,4
2070,2070,4
2071,2071,12
2072,2072,4
2073,2073,7
2074,2074,8
2075,2075,11
2076,2076,2
2077,2077,3
2078,2078,2
2079,2079,6
2080,2080,11
2081,2081,3
2082,2082,11
2083,2083,6
2084,2084,12
2085,2085,11
2086,2086,17
2087,2087,3
2088,2088,11
2089,2089,11
2090,2090,0
2091,2091,5
2092,2092,0
2093,2093,17
2094,2094,6
2095,2095,3
2096,2096,1
2097,2097,11
2098,2098,8
2099,2099,7
2100,2100,11
2101,2101,13
2102,2102,11
2103,2103,8
2104,2104,8
2105,2105,4
2106,2106,17
2107,2107,4
2108,2108,12
2109,2109,16
2110,2110,11
2111,2111,19
2112,2112,16
2113,2113,17
2114,2114,6
2115,2115,10
2116,2116,3
2117,2117,0
2118,2118,17
2119,2119,9
2120,2120,8
2121,2121,19
2122,2122,1
2123,2123,17
2124,2124,9
2125,2125,5
2126,2126,3
2127,2127,3
2128,2128,4
2129,2129,12
2130,2130,0
2131,2131,17
2132,2132,4
2133,2133,10
2134,2134,5
2135,2135,6
2136,2136,1
2137,2137,17
2138,2138,17
2139,2139,7
2140,2140,17
2141,2141,8
2142,2142,8
2143,2143,14
2144,2144,15
2145,2145,1
2146,2146,3
2147,2147,18
2148,2148,8
2149,2149,18
2150,2150,12
2151,2151,2
2152,2152,19
2153,2153,8
2154,2154,6
2155,2155,5
2156,2156,3
2157,2157,6
2158,2158,17
2159,2159,8
2160,2160,14
2161,2161,17
2162,2162,18
2163,2163,17
2164,2164,17
2165,2165,17
2166,2166,6
2167,2167,10
2168,2168,3
2169,2169,3
2170,2170,12
2171,2171,6
2172,2172,17
2173,2173,15
2174,2174,15
2175,2175,2
2176,2176,16
2177,2177,11
2178,2178,6
2179,2179,11
2180,2180,11
2181,2181,4
2182,2182,0
2183,2183,17
2184,2184,17
2185,2185,12
2186,2186,3
2187,2187,15
2188,2188,17
2189,2189,11
2190,2190,8
2191,2191,3
2192,2192,0
2193,2193,1
2194,2194,19
2195,2195,17
2196,2196,8
2197,2197,17
2198,2198,11
2199,2199,3
2200,2200,4
2201,2201,17
2202,2202,19
2203,2203,17
2204,2204,6
2205,2205,8
2206,2206,10
2207,2207,10
2208,2208,5
2209,2209,13
2210,2210,17
2211,2211,4
2212,2212,18
2213,2213,17
2214,2214,0
2215,2215,6
2216,2216,0
2217,2217,3
2218,2218,2
2219,2219,17
2220,2220,9
2221,2221,17
2222,2222,14
2223,2223,17
2224,2224,1
2225,2225,17
2226,2226,4
2227,2227,17
2228,2228,17
2229,2229,2
2230,2230,17
2231,2231,17
2232,2232,5
2233,2233,17
2234,2234,17
2235,2235,7
2236,2236,0
2237,2237,6
2238,2238,5
2239,2239,17
2240,2240,0
2241,2241,11
2242,2242,6
2243,2243,19
2244,2244,17
2245,2245,17
2246,2246,14
2247,2247,17
2248,2248,19
2249,2249,14
2250,2250,7
2251,2251,8
2252,2252,12
2253,2253,19
2254,2254,7
2255,2255,3
2256,2256,0
2257,2257,7
2258,2258,17
2259,2259,5
2260,2260,10
2261,2261,19
2262,2262,7
2263,2263,7
2264,2264,6
2265,2265,16
2266,2266,17
2267,2267,5
2268,2268,4
2269,2269,3
2270,2270,5
2271,2271,3
2272,2272,9
2273,2273,4
2274,2274,19
2275,2275,19
2276,2276,11
2277,2277,17
2278,2278,19
2279,2279,1
2280,2280,5
2281,2281,16
2282,2282,8
2283,2283,6
2284,2284,17
2285,2285,6
2286,2286,17
2287,2287,4
2288,2288,4
2289,2289,17
2290,2290,3
2291,2291,18
2292,2292,14
2293,2293,12
2294,2294,17
2295,2295,3
2296,2296,7
2297,2297,6
2298,2298,11
2299,2299,11
2300,2300,19
2301,2301,17
2302,2302,4
2303,2303,14
2304,2304,16
2305,2305,5
2306,2306,17
2307,2307,0
2308,2308,17
2309,2309,3
2310,2310,17
2311,2311,4
2312,2312,3
2313,2313,8
2314,2314,17
2315,2315,16
2316,2316,0
2317,2317,6
2318,2318,15
2319,2319,3
2320,2320,5
2321,2321,6
2322,2322,17
2323,2323,4
2324,2324,12
2325,2325,17
2326,2326,17
2327,2327,14
2328,2328,3
2329,2329,5
2330,2330,15
2331,2331,17
2332,2332,17
2333,2333,3
2334,2334,3
2335,2335,14
2336,2336,17
2337,2337,17
2338,2338,11
2339,2339,2
2340,2340,9
2341,2341,17
2342,2342,17
2343,2343,17
2344,2344,8
2345,2345,14
2346,2346,6
2347,2347,7
2348,2348,14
2349,2349,11
2350,2350,12
2351,2351,17
2352,2352,12
2353,2353,19
2354,2354,5
2355,2355,17
2356,2356,17
2357,2357,11
2358,2358,17
2359,2359,8
2360,2360,14
2361,2361,12
2362,2362,19
2363,2363,4
2364,2364,10
2365,2365,19
2366,2366,17
2367,2367,14
2368,2368,19
2369,2369,17
2370,2370,14
2371,2371,8
2372,2372,3
2373,2373,13
2374,2374,7
2375,2375,12
2376,2376,17
2377,2377,3
2378,2378,17
2379,2379,0
2380,2380,17
2381,2381,14
2382,2382,19
2383,2383,19
2384,2384,0
2385,2385,17
2386,2386,17
2387,2387,4
2388,2388,17
2389,2389,8
2390,2390,17
2391,2391,3
2392,2392,16
2393,2393,17
2394,2394,3
2395,2395,17
2396,2396,17
2397,2397,19
2398,2398,12
2399,2399,17
2400,2400,8
2401,2401,4
2402,2402,11
2403,2403,3
2404,2404,2
2405,2405,17
2406,2406,17
2407,2407,8
2408,2408,2
2409,2409,17
2410,2410,8
2411,2411,4
2412,2412,4
2413,2413,19
2414,2414,17
2415,2415,3
2416,2416,0
2417,2417,19
2418,2418,3
2419,2419,17
2420,2420,17
2421,2421,9
2422,2422,17
2423,2423,0
2424,2424,19
2425,2425,17
2426,2426,4
2427,2427,17
2428,2428,17
2429,2429,19
2430,2430,17
2431,2431,17
2432,2432,16
2433,2433,0
2434,2434,17
2435,2435,13
2436,2436,17
2437,2437,0
2438,2438,17
2439,2439,3
2440,2440,17
2441,2441,12
2442,2442,15
2443,2443,19
2444,2444,19
2445,2445,3
2446,2446,3
2447,2447,11
2448,2448,3
2449,2449,0
2450,2450,3
2451,2451,17
2452,2452,17
2453,2453,11
2454,2454,4
2455,2455,3
2456,2456,14
2457,2457,17
2458,2458,17
2459,2459,17
2460,2460,17
2461,2461,4
2462,2462,19
2463,2463,3
2464,2464,6
2465,2465,11
2466,2466,8
2467,2467,17
2468,2468,6
2469,2469,6
2470,2470,5
2471,2471,6
2472,2472,6
2473,2473,14
2474,2474,6
2475,2475,16
2476,2476,6
2477,2477,15
2478,2478,0
2479,2479,15
2480,2480,6
2481,2481,0
2482,2482,12
2483,2483,17
2484,2484,1
2485,2485,6
2486,2486,12
2487,2487,3
2488,2488,0
2489,2489,13
2490,2490,5
2491,2491,12
2492,2492,0
2493,2493,6
2494,2494,11
2495,2495,0
2496,2496,5
2497,2497,5
2498,2498,6
2499,2499,8
2500,2500,3
2501,2501,0
2502,2502,3
2503,2503,5
2504,2504,5
2505,2505,11
2506,2506,0
2507,2507,17
2508,2508,1
2509,2509,1
2510,2510,6
2511,2511,12
2512,2512,5
2513,2513,15
2514,2514,0
2515,2515,6
2516,2516,4
2517,2517,6
2518,2518,7
2519,2519,17
2520,2520,8
2521,2521,0
2522,2522,16
2523,2523,7
2524,2524,10
2525,2525,6
2526,2526,12
2527,2527,6
2528,2528,12
2529,2529,13
2530,2530,6
2531,2531,6
2532,2532,14
2533,2533,18
2534,2534,8
2535,2535,12
2536,2536,5
2537,2537,5
2538,2538,18
2539,2539,15
2540,2540,16
2541,2541,16
2542,2542,4
2543,2543,15
2544,2544,1
2545,2545,0
2546,2546,5
2547,2547,19
2548,2548,8
2549,2549,10
2550,2550,3
2551,2551,19
2552,2552,5
2553,2553,6
2554,2554,10
2555,2555,0
2556,2556,18
2557,2557,15
2558,2558,8
2559,2559,12
2560,2560,0
2561,2561,2
2562,2562,6
2563,2563,0
2564,2564,0
2565,2565,13
2566,2566,8
2567,2567,0
2568,2568,2
2569,2569,5
2570,2570,4
2571,2571,19
2572,2572,0
2573,2573,6
2574,2574,14
2575,2575,14
2576,2576,14
2577,2577,17
2578,2578,5
2579,2579,14
2580,2580,7
2581,2581,15
2582,2582,10
2583,2583,6
2584,2584,2
2585,2585,12
2586,2586,8
2587,2587,7
2588,2588,8
2589,2589,12
2590,2590,5
2591,2591,5
2592,2592,14
2593,2593,10
2594,2594,10
2595,2595,8
2596,2596,12
2597,2597,7
2598,2598,7
2599,2599,18
2600,2600,5
2601,2601,7
2602,2602,11
2603,2603,11
2604,2604,8
2605,2605,3
2606,2606,19
2607,2607,8
2608,2608,19
2609,2609,5
2610,2610,5
2611,2611,13
2612,2612,1
2613,2613,5
2614,2614,15
2615,2615,12
2616,2616,7
2617,2617,13
2618,2618,6
2619,2619,14
2620,2620,18
2621,2621,3
2622,2622,6
2623,2623,8
2624,2624,0
2625,2625,10
2626,2626,13
2627,2627,12
2628,2628,4
2629,2629,14
2630,2630,3
2631,2631,14
2632,2632,6
2633,2633,7
2634,2634,15
2635,2635,8
2636,2636,6
2637,2637,5
2638,2638,5
2639,2639,14
2640,2640,5
2641,2641,7
2642,2642,4
2643,2643,6
2644,2644,10
2645,2645,9
2646,2646,7
2647,2647,17
2648,2648,19
2649,2649,0
2650,2650,12
2651,2651,16
2652,2652,10
2653,2653,2
2654,2654,16
2655,2655,6
2656,2656,0
2657,2657,12
2658,2658,11
2659,2659,10
2660,2660,13
2661,2661,7
2662,2662,5
2663,2663,18
2664,2664,11
2665,2665,5
2666,2666,17
2667,2667,17
2668,2668,6
2669,2669,13
2670,2670,2
2671,2671,0
2672,2672,14
2673,2673,5
2674,2674,8
2675,2675,5
2676,2676,11
2677,2677,14
2678,2678,14
2679,2679,12
2680,2680,12
2681,2681,18
2682,2682,5
2683,2683,14
2684,2684,5
2685,2685,12
2686,2686,12
2687,2687,6
2688,2688,7
2689,2689,13
2690,2690,14
2691,2691,14
2692,2692,2
2693,2693,14
2694,2694,8
2695,2695,13
2696,2696,12
2697,2697,5
2698,2698,10
2699,2699,0
2700,2700,3
2701,2701,10
2702,2702,2
2703,2703,6
2704,2704,5
2705,2705,8
2706,2706,17
2707,2707,14
2708,2708,17
2709,2709,17
2710,2710,10
2711,2711,7
2712,2712,0
2713,2713,14
2714,2714,14
2715,2715,18
2716,2716,19
2717,2717,8
2718,2718,3
2719,2719,2
2720,2720,13
2721,2721,1
2722,2722,0
2723,2723,14
2724,2724,9
2725,2725,18
2726,2726,10
2727,2727,17
2728,2728,5
2729,2729,9
2730,2730,18
2731,2731,16
2732,2732,5
2733,2733,6
2734,2734,10
2735,2735,4
2736,2736,14
2737,2737,9
2738,2738,6
2739,2739,13
2740,2740,5
2741,2741,13
2742,2742,8
2743,2743,5
2744,2744,6
2745,2745,14
2746,2746,14
2747,2747,3
2748,2748,8
2749,2749,9
2750,2750,12
2751,2751,10
2752,2752,8
2753,2753,11
2754,2754,16
2755,2755,10
2756,2756,7
2757,2757,18
2758,2758,11
2759,2759,6
2760,2760,14
2761,2761,0
2762,2762,14
2763,2763,16
2764,2764,16
2765,2765,10
2766,2766,2
2767,2767,18
2768,2768,17
2769,2769,4
2770,2770,18
2771,2771,7
2772,2772,11
2773,2773,1
2774,2774,11
2775,2775,18
2776,2776,5
2777,2777,6
2778,2778,5
2779,2779,11
2780,2780,8
2781,2781,5
2782,2782,10
2783,2783,6
2784,2784,1
2785,2785,1
2786,2786,5
2787,2787,5
2788,2788,5
2789,2789,17
2790,2790,14
2791,2791,5
2792,2792,10
2793,2793,8
2794,2794,10
2795,2795,5
2796,2796,19
2797,2797,0
2798,2798,10
2799,2799,14
2800,2800,5
2801,2801,15
2802,2802,5
2803,2803,15
2804,2804,9
2805,2805,0
2806,2806,5
2807,2807,10
2808,2808,17
2809,2809,11
2810,2810,14
2811,2811,17
2812,2812,8
2813,2813,1
2814,2814,2
2815,2815,14
2816,2816,7
2817,2817,5
2818,2818,5
2819,2819,12
2820,2820,12
2821,2821,14
2822,2822,14
2823,2823,16
2824,2824,12
2825,2825,15
2826,2826,6
2827,2827,10
2828,2828,15
2829,2829,14
2830,2830,13
2831,2831,6
2832,2832,14
2833,2833,12
2834,2834,15
2835,2835,8
2836,2836,5
2837,2837,10
2838,2838,14
2839,2839,3
2840,2840,17
2841,2841,14
2842,2842,16
2843,2843,14
2844,2844,5
2845,2845,0
2846,2846,10
2847,2847,0
2848,2848,6
2849,2849,0
2850,2850,6
2851,2851,3
2852,2852,6
2853,2853,0
2854,2854,0
2855,2855,14
2856,2856,0
2857,2857,3
2858,2858,0
2859,2859,8
2860,2860,5
2861,2861,6
2862,2862,14
2863,2863,5
2864,2864,3
2865,2865,15
2866,2866,1
2867,2867,10
2868,2868,0
2869,2869,3
2870,2870,14
2871,2871,0
2872,2872,6
2873,2873,3
2874,2874,11
2875,2875,6
2876,2876,6
2877,2877,8
2878,2878,6
2879,2879,18
2880,2880,0
2881,2881,14
2882,2882,9
2883,2883,6
2884,2884,8
2885,2885,0
2886,2886,3
2887,2887,6
2888,2888,5
2889,2889,7
2890,2890,1
2891,2891,8
2892,2892,0
2893,2893,6
2894,2894,3
2895,2895,6
2896,2896,11
2897,2897,7
2898,2898,6
2899,2899,8
2900,2900,14
2901,2901,5
2902,2902,0
2903,2903,1
2904,2904,6
2905,2905,7
2906,2906,6
2907,2907,18
2908,2908,14
2909,2909,6
2910,2910,0
2911,2911,0
2912,2912,6
2913,2913,14
2914,2914,11
2915,2915,8
2916,2916,6
2917,2917,15
2918,2918,10
2919,2919,6
2920,2920,0
2921,2921,17
2922,2922,14
2923,2923,5
2924,2924,17
2925,2925,18
2926,2926,6
2927,2927,8
2928,2928,12
2929,2929,0
2930,2930,4
2931,2931,8
2932,2932,14
2933,2933,12
2934,2934,8
2935,2935,12
2936,2936,9
2937,2937,6
2938,2938,5
2939,2939,6
2940,2940,6
2941,2941,14
2942,2942,8
2943,2943,6
2944,2944,12
2945,2945,3
2946,2946,10
2947,2947,0
2948,2948,6
2949,2949,6
2950,2950,19
2951,2951,6
2952,2952,6
2953,2953,6
2954,2954,18
2955,2955,14
2956,2956,6
2957,2957,17
2958,2958,8
2959,2959,7
2960,2960,5
2961,2961,12
2962,2962,12
2963,2963,8
2964,2964,5
2965,2965,6
2966,2966,8
2967,2967,8
2968,2968,8
2969,2969,6
2970,2970,6
2971,2971,0
2972,2972,7
2973,2973,6
2974,2974,8
2975,2975,0
2976,2976,14
2977,2977,0
2978,2978,3
2979,2979,15
2980,2980,17
2981,2981,19
2982,2982,8
2983,2983,6
2984,2984,12
2985,2985,6
2986,2986,10
2987,2987,5
2988,2988,8
2989,2989,0
2990,2990,17
2991,2991,14
2992,2992,6
2993,2993,8
2994,2994,8
2995,2995,6
2996,2996,6
2997,2997,5
2998,2998,6
2999,2999,1
3000,3000,0
3001,3001,5
3002,3002,0
3003,3003,14
3004,3004,8
3005,3005,0
3006,3006,9
3007,3007,0
3008,3008,2
3009,3009,0
3010,3010,6
3011,3011,7
3012,3012,6
3013,3013,6
3014,3014,12
3015,3015,7
3016,3016,5
3017,3017,14
3018,3018,18
3019,3019,8
3020,3020,5
3021,3021,1
3022,3022,0
3023,3023,0
3024,3024,1
3025,3025,1
3026,3026,6
3027,3027,6
3028,3028,7
3029,3029,6
3030,3030,14
3031,3031,5
3032,3032,6
3033,3033,1
3034,3034,5
3035,3035,1
3036,3036,14
3037,3037,13
3038,3038,16
3039,3039,5
3040,3040,12
3041,3041,14
3042,3042,10
3043,3043,11
3044,3044,17
3045,3045,17
3046,3046,14
3047,3047,1
3048,3048,3
3049,3049,10
3050,3050,14
3051,3051,6
3052,3052,2
3053,3053,7
3054,3054,12
3055,3055,9
3056,3056,5
3057,3057,17
3058,3058,14
3059,3059,6
3060,3060,6
3061,3061,1
3062,3062,6
3063,3063,19
3064,3064,8
3065,3065,16
3066,3066,6
3067,3067,12
3068,3068,15
3069,3069,3
3070,3070,13
3071,3071,8
3072,3072,14
3073,3073,0
3074,3074,6
3075,3075,15
3076,3076,6
3077,3077,8
3078,3078,6
3079,3079,0
3080,3080,14
3081,3081,9
3082,3082,6
3083,3083,8
3084,3084,6
3085,3085,11
3086,3086,0
3087,3087,14
3088,3088,17
3089,3089,4
3090,3090,0
3091,3091,12
3092,3092,13
3093,3093,7
3094,3094,7
3095,3095,17
3096,3096,6
3097,3097,3
3098,3098,6
3099,3099,6
3100,3100,3
3101,3101,6
3102,3102,7
3103,3103,8
3104,3104,19
3105,3105,8
3106,3106,2
3107,3107,17
3108,3108,19
3109,3109,6
3110,3110,19
3111,3111,14
3112,3112,0
3113,3113,13
3114,3114,5
3115,3115,15
3116,3116,0
3117,3117,13
3118,3118,12
3119,3119,6
3120,3120,7
3121,3121,19
3122,3122,12
3123,3123,0
3124,3124,6
3125,3125,3
3126,3126,7
3127,3127,6
3128,3128,17
3129,3129,12
3130,3130,8
3131,3131,2
3132,3132,17
3133,3133,12
3134,3134,6
3135,3135,9
3136,3136,10
3137,3137,6
3138,3138,10
3139,3139,1
3140,3140,6
3141,3141,6
3142,3142,7
3143,3143,5
3144,3144,1
3145,3145,3
3146,3146,6
3147,3147,0
3148,3148,14
3149,3149,6
3150,3150,5
3151,3151,12
3152,3152,9
3153,3153,8
3154,3154,6
3155,3155,3
3156,3156,5
3157,3157,17
3158,3158,5
3159,3159,5
3160,3160,6
3161,3161,3
3162,3162,10
3163,3163,12
3164,3164,8
3165,3165,8
3166,3166,6
3167,3167,14
3168,3168,6
3169,3169,12
3170,3170,3
3171,3171,14
3172,3172,10
3173,3173,5
3174,3174,18
3175,3175,5
3176,3176,17
3177,3177,4
3178,3178,5
3179,3179,0
3180,3180,9
3181,3181,0
3182,3182,19
3183,3183,11
3184,3184,11
3185,3185,11
3186,3186,13
3187,3187,8
3188,3188,15
3189,3189,8
3190,3190,14
3191,3191,11
3192,3192,6
3193,3193,1
3194,3194,16
3195,3195,10
3196,3196,12
3197,3197,16
3198,3198,16
3199,3199,6
3200,3200,0
3201,3201,6
3202,3202,7
3203,3203,13
3204,3204,6
3205,3205,3
3206,3206,5
3207,3207,15
3208,3208,19
3209,3209,11
3210,3210,6
3211,3211,8
3212,3212,10
3213,3213,5
3214,3214,2
3215,3215,8
3216,3216,6
3217,3217,8
3218,3218,3
3219,3219,18
3220,3220,14
3221,3221,8
3222,3222,6
3223,3223,5
3224,3224,15
3225,3225,17
3226,3226,3
3227,3227,6
3228,3228,10
3229,3229,17
3230,3230,6
3231,3231,2
3232,3232,13
3233,3233,6
3234,3234,14
3235,3235,6
3236,3236,0
3237,3237,7
3238,3238,5
3239,3239,1
3240,3240,5
3241,3241,16
3242,3242,8
3243,3243,6
3244,3244,12
3245,3245,3
3246,3246,5
3247,3247,15
3248,3248,14
3249,3249,3
3250,3250,15
3251,3251,8
3252,3252,5
3253,3253,7
3254,3254,8
3255,3255,6
3256,3256,0
3257,3257,4
3258,3258,6
3259,3259,6
3260,3260,16
3261,3261,7
3262,3262,3
3263,3263,11
3264,3264,12
3265,3265,13
3266,3266,0
3267,3267,8
3268,3268,12
3269,3269,0
3270,3270,1
3271,3271,8
3272,3272,17
3273,3273,5
3274,3274,11
3275,3275,10
3276,3276,14
3277,3277,6
3278,3278,14
3279,3279,7
3280,3280,7
3281,3281,7
3282,3282,4
3283,3283,6
3284,3284,17
3285,3285,7
3286,3286,13
3287,3287,6
3288,3288,5
3289,3289,16
3290,3290,6
3291,3291,5
3292,3292,5
3293,3293,7
3294,3294,12
3295,3295,0
3296,3296,8
3297,3297,18
3298,3298,6
3299,3299,6
3300,3300,3
3301,3301,3
3302,3302,19
3303,3303,6
3304,3304,12
3305,3305,7
3306,3306,14
3307,3307,9
3308,3308,6
3309,3309,5
3310,3310,7
3311,3311,5
3312,3312,5
3313,3313,6
3314,3314,7
3315,3315,4
3316,3316,14
3317,3317,5
3318,3318,8
3319,3319,12
3320,3320,0
3321,3321,7
3322,3322,12
3323,3323,12
3324,3324,6
3325,3325,8
3326,3326,17
3327,3327,5
3328,3328,15
3329,3329,18
3330,3330,17
3331,3331,13
3332,3332,8
3333,3333,5
3334,3334,4
3335,3335,6
3336,3336,6
3337,3337,2
3338,3338,18
3339,3339,15
3340,3340,6
3341,3341,14
3342,3342,5
3343,3343,14
3344,3344,17
3345,3345,12
3346,3346,14
3347,3347,4
3348,3348,7
3349,3349,17
3350,3350,12
3351,3351,17
3352,3352,7
3353,3353,14
3354,3354,1
3355,3355,19
3356,3356,6
3357,3357,12
3358,3358,5
3359,3359,5
3360,3360,6
3361,3361,6
3362,3362,14
3363,3363,12
3364,3364,1
3365,3365,15
3366,3366,14
3367,3367,7
3368,3368,10
3369,3369,8
3370,3370,4
3371,3371,0
3372,3372,16
3373,3373,5
3374,3374,7
3375,3375,7
3376,3376,5
3377,3377,4
3378,3378,1
3379,3379,14
3380,3380,0
3381,3381,6
3382,3382,7
3383,3383,5
3384,3384,2
3385,3385,17
3386,3386,5
3387,3387,6
3388,3388,12
3389,3389,12
3390,3390,8
3391,3391,12
3392,3392,5
3393,3393,5
3394,3394,1
3395,3395,5
3396,3396,5
3397,3397,5
3398,3398,0
3399,3399,8
3400,3400,12
3401,3401,0
3402,3402,12
3403,3403,6
3404,3404,5
3405,3405,13
3406,3406,14
3407,3407,13
3408,3408,17
3409,3409,11
3410,3410,5
3411,3411,7
3412,3412,16
3413,3413,6
3414,3414,9
3415,3415,17
3416,3416,12
3417,3417,7
3418,3418,2
3419,3419,5
3420,3420,7
3421,3421,1
3422,3422,7
3423,3423,14
3424,3424,13
3425,3425,5
3426,3426,18
3427,3427,16
3428,3428,6
3429,3429,2
3430,3430,7
3431,3431,5
3432,3432,7
3433,3433,6
3434,3434,5
3435,3435,14
3436,3436,16
3437,3437,10
3438,3438,8
3439,3439,1
3440,3440,2
3441,3441,19
3442,3442,10
3443,3443,5
3444,3444,17
3445,3445,16
3446,3446,13
3447,3447,6
3448,3448,0
3449,3449,3
3450,3450,17
3451,3451,5
3452,3452,19
3453,3453,4
3454,3454,8
3455,3455,4
3456,3456,17
3457,3457,12
3458,3458,16
3459,3459,8
3460,3460,0
3461,3461,0
3462,3462,6
3463,3463,7
3464,3464,18
3465,3465,17
3466,3466,19
3467,3467,15
3468,3468,4
3469,3469,5
3470,3470,10
3471,3471,5
3472,3472,15
3473,3473,4
3474,3474,5
3475,3475,17
3476,3476,18
3477,3477,19
3478,3478,5
3479,3479,10
3480,3480,13
3481,3481,7
3482,3482,12
3483,3483,12
3484,3484,15
3485,3485,17
3486,3486,5
3487,3487,5
3488,3488,18
3489,3489,5
3490,3490,4
3491,3491,0
3492,3492,12
3493,3493,13
3494,3494,16
3495,3495,17
3496,3496,4
3497,3497,13
3498,3498,15
3499,3499,17
3500,3500,18
3501,3501,10
3502,3502,12
3503,3503,16
3504,3504,13
3505,3505,5
3506,3506,6
3507,3507,5
3508,3508,1
3509,3509,7
3510,3510,13
3511,3511,11
3512,3512,16
3513,3513,17
3514,3514,8
3515,3515,5
3516,3516,17
3517,3517,19
3518,3518,18
3519,3519,13
3520,3520,5
3521,3521,15
3522,3522,14
3523,3523,0
3524,3524,5
3525,3525,5
3526,3526,5
3527,3527,17
3528,3528,14
3529,3529,5
3530,3530,5
3531,3531,12
3532,3532,0
3533,3533,1
3534,3534,10
3535,3535,12
3536,3536,9
3537,3537,1
3538,3538,17
3539,3539,19
3540,3540,6
3541,3541,4
3542,3542,17
3543,3543,5
3544,3544,17
3545,3545,1
3546,3546,5
3547,3547,1
3548,3548,6
3549,3549,11
3550,3550,15
3551,3551,17
3552,3552,11
3553,3553,0
3554,3554,19
3555,3555,12
3556,3556,17
3557,3557,3
3558,3558,13
3559,3559,6
3560,3560,6
3561,3561,4
3562,3562,4
3563,3563,4
3564,3564,7
3565,3565,7
3566,3566,15
3567,3567,6
3568,3568,13
3569,3569,6
3570,3570,10
3571,3571,14
3572,3572,6
3573,3573,7
3574,3574,6
3575,3575,18
3576,3576,16
3577,3577,19
3578,3578,7
3579,3579,11
3580,3580,19
3581,3581,10
3582,3582,3
3583,3583,6
3584,3584,10
3585,3585,10
3586,3586,13
3587,3587,2
3588,3588,13
3589,3589,19
3590,3590,7
3591,3591,9
3592,3592,7
3593,3593,8
3594,3594,16
3595,3595,14
3596,3596,3
3597,3597,16
3598,3598,7
3599,3599,4
3600,3600,3
3601,3601,2
3602,3602,4
3603,3603,4
3604,3604,3
3605,3605,10
3606,3606,4
3607,3607,17
3608,3608,7
3609,3609,16
3610,3610,7
3611,3611,7
3612,3612,2
3613,3613,19
3614,3614,4
3615,3615,13
3616,3616,10
3617,3617,8
3618,3618,15
3619,3619,13
3620,3620,13
3621,3621,13
3622,3622,3
3623,3623,10
3624,3624,10
3625,3625,7
3626,3626,19
3627,3627,13
3628,3628,3
3629,3629,3
3630,3630,18
3631,3631,11
3632,3632,19
3633,3633,5
3634,3634,6
3635,3635,8
3636,3636,8
3637,3637,6
3638,3638,6
3639,3639,8
3640,3640,5
3641,3641,2
3642,3642,16
3643,3643,8
3644,3644,16
3645,3645,16
3646,3646,3
3647,3647,8
3648,3648,4
3649,3649,11
3650,3650,0
3651,3651,17
3652,3652,14
3653,3653,3
3654,3654,18
3655,3655,19
3656,3656,11
3657,3657,13
3658,3658,16
3659,3659,11
3660,3660,7
3661,3661,11
3662,3662,1
3663,3663,2
3664,3664,5
3665,3665,3
3666,3666,19
3667,3667,0
3668,3668,17
3669,3669,16
3670,3670,16
3671,3671,0
3672,3672,8
3673,3673,6
3674,3674,4
3675,3675,5
3676,3676,0
3677,3677,16
3678,3678,10
3679,3679,8
3680,3680,3
3681,3681,6
3682,3682,17
3683,3683,5
3684,3684,19
3685,3685,14
3686,3686,14
3687,3687,8
3688,3688,0
3689,3689,6
3690,3690,12
3691,3691,14
3692,3692,12
3693,3693,18
3694,3694,14
3695,3695,17
3696,3696,11
3697,3697,10
3698,3698,18
3699,3699,8
3700,3700,5
3701,3701,0
3702,3702,14
3703,3703,18
3704,3704,18
3705,3705,14
3706,3706,6
3707,3707,5
3708,3708,11
3709,3709,10
3710,3710,12
3711,3711,11
3712,3712,5
3713,3713,11
3714,3714,11
3715,3715,16
3716,3716,1
3717,3717,8
3718,3718,18
3719,3719,14
3720,3720,14
3721,3721,14
3722,3722,13
3723,3723,5
3724,3724,5
3725,3725,18
3726,3726,11
3727,3727,5
3728,3728,12
3729,3729,5
3730,3730,12
3731,3731,5
3732,3732,3
3733,3733,3
3734,3734,0
3735,3735,17
3736,3736,14
3737,3737,8
3738,3738,8
3739,3739,8
3740,3740,8
3741,3741,14
3742,3742,8
3743,3743,17
3744,3744,0
3745,3745,19
3746,3746,6
3747,3747,17
3748,3748,2
3749,3749,0
3750,3750,8
3751,3751,15
3752,3752,0
3753,3753,1
3754,3754,4
3755,3755,5
3756,3756,19
3757,3757,18
3758,3758,3
3759,3759,14
3760,3760,6
3761,3761,6
3762,3762,8
3763,3763,0
3764,3764,6
3765,3765,14
3766,3766,3
3767,3767,14
3768,3768,0
3769,3769,17
3770,3770,3
3771,3771,15
3772,3772,7
3773,3773,14
3774,3774,6
3775,3775,10
3776,3776,6
3777,3777,19
3778,3778,17
3779,3779,6
3780,3780,8
3781,3781,17
3782,3782,5
3783,3783,5
3784,3784,3
3785,3785,14
3786,3786,14
3787,3787,18
3788,3788,0
3789,3789,4
3790,3790,4
3791,3791,17
3792,3792,5
3793,3793,4
3794,3794,6
3795,3795,6
3796,3796,17
3797,3797,17
3798,3798,5
3799,3799,6
3800,3800,3
3801,3801,19
3802,3802,17
3803,3803,3
3804,3804,8
3805,3805,17
3806,3806,18
3807,3807,14
3808,3808,19
3809,3809,8
3810,3810,5
3811,3811,10
3812,3812,17
3813,3813,11
3814,3814,12
3815,3815,11
3816,3816,17
3817,3817,3
3818,3818,8
3819,3819,0
3820,3820,5
3821,3821,18
3822,3822,4
3823,3823,11
3824,3824,3
3825,3825,1
3826,3826,6
3827,3827,10
3828,3828,5
3829,3829,19
3830,3830,8
3831,3831,7
3832,3832,14
3833,3833,3
3834,3834,12
3835,3835,17
3836,3836,7
3837,3837,11
3838,3838,3
3839,3839,5
3840,3840,3
3841,3841,3
3842,3842,6
3843,3843,17
3844,3844,6
3845,3845,6
3846,3846,5
3847,3847,17
3848,3848,12
3849,3849,14
3850,3850,3
3851,3851,19
3852,3852,8
3853,3853,12
3854,3854,6
3855,3855,8
3856,3856,3
3857,3857,6
3858,3858,14
3859,3859,8
3860,3860,6
3861,3861,17
3862,3862,11
3863,3863,1
3864,3864,4
3865,3865,1
3866,3866,7
3867,3867,3
3868,3868,11
3869,3869,3
3870,3870,8
3871,3871,17
3872,3872,3
3873,3873,5
3874,3874,15
3875,3875,5
3876,3876,3
3877,3877,7
3878,3878,16
3879,3879,7
3880,3880,6
3881,3881,12
3882,3882,5
3883,3883,15
3884,3884,0
3885,3885,9
3886,3886,14
3887,3887,5
3888,3888,5
3889,3889,5
3890,3890,11
3891,3891,6
3892,3892,10
3893,3893,4
3894,3894,10
3895,3895,17
3896,3896,13
3897,3897,0
3898,3898,12
3899,3899,7
3900,3900,5
3901,3901,5
3902,3902,11
3903,3903,7
3904,3904,18
3905,3905,19
3906,3906,10
3907,3907,16
3908,3908,0
3909,3909,16
3910,3910,7
3911,3911,0
3912,3912,2
3913,3913,7
3914,3914,13
3915,3915,1
3916,3916,8
3917,3917,5
3918,3918,1
3919,3919,0
3920,3920,0
3921,3921,19
3922,3922,1
3923,3923,17
3924,3924,4
3925,3925,7
3926,3926,1
3927,3927,0
3928,3928,9
3929,3929,8
3930,3930,7
3931,3931,19
3932,3932,7
3933,3933,10
3934,3934,8
3935,3935,13
3936,3936,7
3937,3937,8
3938,3938,3
3939,3939,9
3940,3940,3
3941,3941,16
3942,3942,9
3943,3943,16
3944,3944,8
3945,3945,5
3946,3946,2
3947,3947,5
3948,3948,9
3949,3949,7
3950,3950,8
3951,3951,4
3952,3952,7
3953,3953,7
3954,3954,19
3955,3955,2
3956,3956,12
3957,3957,4
3958,3958,0
3959,3959,0
3960,3960,7
3961,3961,5
3962,3962,1
3963,3963,0
3964,3964,7
3965,3965,7
3966,3966,16
3967,3967,8
3968,3968,7
3969,3969,7
3970,3970,9
3971,3971,9
3972,3972,9
3973,3973,16
3974,3974,2
3975,3975,11
3976,3976,7
3977,3977,8
3978,3978,19
3979,3979,19
3980,3980,17
3981,3981,18
3982,3982,3
3983,3983,13
3984,3984,19
3985,3985,14
3986,3986,19
3987,3987,14
3988,3988,10
3989,3989,10
3990,3990,16
3991,3991,14
3992,3992,7
3993,3993,8
3994,3994,2
3995,3995,2
3996,3996,12
3997,3997,8
3998,3998,3
3999,3999,19
4000,4000,4
4001,4001,2
4002,4002,3
4003,4003,16
4004,4004,7
4005,4005,7
4006,4006,10
4007,4007,7
4008,4008,1
4009,4009,0
4010,4010,14
4011,4011,19
4012,4012,8
4013,4013,7
4014,4014,12
4015,4015,10
4016,4016,10
4017,4017,4
4018,4018,1
4019,4019,17
4020,4020,8
4021,4021,1
4022,4022,16
4023,4023,12
4024,4024,12
4025,4025,4
4026,4026,3
4027,4027,19
4028,4028,4
4029,4029,2
4030,4030,10
4031,4031,4
4032,4032,0
4033,4033,19
4034,4034,5
4035,4035,4
4036,4036,8
4037,4037,2
4038,4038,6
4039,4039,16
4040,4040,4
4041,4041,0
4042,4042,19
4043,4043,2
4044,4044,13
4045,4045,2
4046,4046,10
4047,4047,8
4048,4048,10
4049,4049,7
4050,4050,11
4051,4051,7
4052,4052,1
4053,4053,0
4054,4054,17
4055,4055,11
4056,4056,14
4057,4057,8
4058,4058,15
4059,4059,19
4060,4060,19
4061,4061,0
4062,4062,10
4063,4063,10
4064,4064,7
4065,4065,8
4066,4066,13
4067,4067,7
4068,4068,19
4069,4069,15
4070,4070,12
4071,4071,7
4072,4072,3
4073,4073,10
4074,4074,19
4075,4075,7
4076,4076,16
4077,4077,3
4078,4078,4
4079,4079,1
4080,4080,19
4081,4081,4
4082,4082,12
4083,4083,1
4084,4084,19
4085,4085,10
4086,4086,2
4087,4087,8
4088,4088,16
4089,4089,9
4090,4090,7
4091,4091,1
4092,4092,4
4093,4093,4
4094,4094,12
4095,4095,12
4096,4096,4
4097,4097,8
4098,4098,7
4099,4099,16
4100,4100,17
4101,4101,7
4102,4102,12
4103,4103,1
4104,4104,1
4105,4105,11
4106,4106,11
4107,4107,7
4108,4108,17
4109,4109,11
4110,4110,6
4111,4111,19
4112,4112,7
4113,4113,11
4114,4114,8
4115,4115,18
4116,4116,7
4117,4117,11
4118,4118,7
4119,4119,5
4120,4120,19
4121,4121,17
4122,4122,11
4123,4123,17
4124,4124,7
4125,4125,2
4126,4126,11
4127,4127,16
4128,4128,18
4129,4129,0
4130,4130,2
4131,4131,7
4132,4132,2
4133,4133,11
4134,4134,11
4135,4135,7
4136,4136,1
4137,4137,4
4138,4138,6
4139,4139,8
4140,4140,16
4141,4141,12
4142,4142,19
4143,4143,7
4144,4144,8
4145,4145,10
4146,4146,0
4147,4147,7
4148,4148,11
4149,4149,12
4150,4150,16
4151,4151,7
4152,4152,16
4153,4153,11
4154,4154,11
4155,4155,0
4156,4156,2
4157,4157,4
4158,4158,7
4159,4159,0
4160,4160,19
4161,4161,16
4162,4162,16
4163,4163,9
4164,4164,1
4165,4165,12
4166,4166,4
4167,4167,17
4168,4168,18
4169,4169,2
4170,4170,1
4171,4171,19
4172,4172,8
4173,4173,7
4174,4174,10
4175,4175,2
4176,4176,11
4177,4177,4
4178,4178,19
4179,4179,7
4180,4180,14
4181,4181,13
4182,4182,11
4183,4183,4
4184,4184,17
4185,4185,11
4186,4186,7
4187,4187,9
4188,4188,7
4189,4189,7
4190,4190,4
4191,4191,9
4192,4192,1
4193,4193,7
4194,4194,19
4195,4195,1
4196,4196,10
4197,4197,3
4198,4198,4
4199,4199,16
4200,4200,1
4201,4201,4
4202,4202,7
4203,4203,10
4204,4204,12
4205,4205,16
4206,4206,19
4207,4207,16
4208,4208,7
4209,4209,8
4210,4210,1
4211,4211,16
4212,4212,11
4213,4213,7
4214,4214,19
4215,4215,5
4216,4216,9
4217,4217,9
4218,4218,4
4219,4219,4
4220,4220,8
4221,4221,19
4222,4222,7
4223,4223,10
4224,4224,7
4225,4225,11
4226,4226,16
4227,4227,4
4228,4228,12
4229,4229,7
4230,4230,19
4231,4231,7
4232,4232,15
4233,4233,8
4234,4234,0
4235,4235,16
4236,4236,0
4237,4237,18
4238,4238,17
4239,4239,17
4240,4240,19
4241,4241,10
4242,4242,10
4243,4243,3
4244,4244,14
4245,4245,8
4246,4246,0
4247,4247,1
4248,4248,8
4249,4249,1
4250,4250,19
4251,4251,7
4252,4252,6
4253,4253,19
4254,4254,7
4255,4255,19
4256,4256,2
4257,4257,5
4258,4258,1
4259,4259,12
4260,4260,19
4261,4261,2
4262,4262,7
4263,4263,1
4264,4264,2
4265,4265,8
4266,4266,12
4267,4267,7
4268,4268,19
4269,4269,9
4270,4270,17
4271,4271,8
4272,4272,4
4273,4273,4
4274,4274,17
4275,4275,18
4276,4276,7
4277,4277,16
4278,4278,0
4279,4279,13
4280,4280,8
4281,4281,5
4282,4282,7
4283,4283,16
4284,4284,19
4285,4285,16
4286,4286,4
4287,4287,9
4288,4288,16
4289,4289,7
4290,4290,6
4291,4291,17
4292,4292,19
4293,4293,7
4294,4294,11
4295,4295,19
4296,4296,9
4297,4297,9
4298,4298,3
4299,4299,10
4300,4300,19
4301,4301,19
4302,4302,8
4303,4303,10
4304,4304,12
4305,4305,9
4306,4306,19
4307,4307,10
4308,4308,2
4309,4309,12
4310,4310,10
4311,4311,19
4312,4312,12
4313,4313,1
4314,4314,17
4315,4315,11
4316,4316,14
4317,4317,19
4318,4318,19
4319,4319,0
4320,4320,8
4321,4321,8
4322,4322,0
4323,4323,1
4324,4324,0
4325,4325,7
4326,4326,4
4327,4327,19
4328,4328,9
4329,4329,12
4330,4330,19
4331,4331,0
4332,4332,16
4333,4333,11
4334,4334,5
4335,4335,11
4336,4336,5
4337,4337,17
4338,4338,0
4339,4339,0
4340,4340,17
4341,4341,5
4342,4342,5
4343,4343,0
4344,4344,10
4345,4345,11
4346,4346,5
4347,4347,7
4348,4348,0
4349,4349,0
4350,4350,3
4351,4351,2
4352,4352,12
4353,4353,5
4354,4354,7
4355,4355,5
4356,4356,17
4357,4357,19
4358,4358,4
4359,4359,17
4360,4360,0
4361,4361,5
4362,4362,19
4363,4363,0
4364,4364,17
4365,4365,17
4366,4366,4
4367,4367,11
4368,4368,8
4369,4369,8
4370,4370,19
4371,4371,4
4372,4372,0
4373,4373,13
4374,4374,4
4375,4375,19
4376,4376,11
4377,4377,19
4378,4378,17
4379,4379,5
4380,4380,13
4381,4381,4
4382,4382,1
4383,4383,3
4384,4384,19
4385,4385,0
4386,4386,10
4387,4387,8
4388,4388,2
4389,4389,4
4390,4390,10
4391,4391,19
4392,4392,10
4393,4393,9
4394,4394,11
4395,4395,8
4396,4396,11
4397,4397,4
4398,4398,1
4399,4399,5
4400,4400,3
4401,4401,19
4402,4402,16
4403,4403,7
4404,4404,4
4405,4405,16
4406,4406,7
4407,4407,7
4408,4408,11
4409,4409,2
4410,4410,4
4411,4411,8
4412,4412,11
4413,4413,11
4414,4414,19
4415,4415,19
4416,4416,3
4417,4417,7
4418,4418,6
4419,4419,19
4420,4420,19
4421,4421,16
4422,4422,19
4423,4423,18
4424,4424,8
4425,4425,8
4426,4426,3
4427,4427,19
4428,4428,14
4429,4429,7
4430,4430,12
4431,4431,2
4432,4432,9
4433,4433,11
4434,4434,4
4435,4435,7
4436,4436,8
4437,4437,13
4438,4438,12
4439,4439,11
4440,4440,1
4441,4441,0
4442,4442,4
4443,4443,10
4444,4444,12
4445,4445,1
4446,4446,10
4447,4447,7
4448,4448,7
4449,4449,16
4450,4450,2
4451,4451,0
4452,4452,7
4453,4453,7
4454,4454,19
4455,4455,8
4456,4456,9
4457,4457,1
4458,4458,1
4459,4459,2
4460,4460,14
4461,4461,7
4462,4462,19
4463,4463,4
4464,4464,0
4465,4465,18
4466,4466,9
4467,4467,8
4468,4468,19
4469,4469,7
4470,4470,7
4471,4471,11
4472,4472,9
4473,4473,4
4474,4474,13
4475,4475,3
4476,4476,19
4477,4477,2
4478,4478,17
4479,4479,19
4480,4480,19
4481,4481,16
4482,4482,4
4483,4483,16
4484,4484,8
4485,4485,8
4486,4486,18
4487,4487,7
4488,4488,19
4489,4489,19
4490,4490,2
4491,4491,8
4492,4492,8
4493,4493,14
4494,4494,4
4495,4495,16
4496,4496,16
4497,4497,11
4498,4498,19
4499,4499,7
4500,4500,7
4501,4501,18
4502,4502,11
4503,4503,8
4504,4504,11
4505,4505,7
4506,4506,0
4507,4507,9
4508,4508,1
4509,4509,19
4510,4510,7
4511,4511,17
4512,4512,5
4513,4513,17
4514,4514,16
4515,4515,7
4516,4516,0
4517,4517,4
4518,4518,14
4519,4519,0
4520,4520,10
4521,4521,3
4522,4522,19
4523,4523,7
4524,4524,9
4525,4525,7
4526,4526,8
4527,4527,10
4528,4528,5
4529,4529,3
4530,4530,10
4531,4531,2
4532,4532,5
4533,4533,4
4534,4534,16
4535,4535,7
4536,4536,2
4537,4537,8
4538,4538,19
4539,4539,11
4540,4540,9
4541,4541,11
4542,4542,1
4543,4543,13
4544,4544,2
4545,4545,19
4546,4546,16
4547,4547,19
4548,4548,8
4549,4549,7
4550,4550,6
4551,4551,7
4552,4552,4
4553,4553,18
4554,4554,7
4555,4555,8
4556,4556,9
4557,4557,14
4558,4558,11
4559,4559,5
4560,4560,7
4561,4561,7
4562,4562,7
4563,4563,8
4564,4564,0
4565,4565,19
4566,4566,7
4567,4567,8
4568,4568,7
4569,4569,19
4570,4570,7
4571,4571,2
4572,4572,7
4573,4573,12
4574,4574,17
4575,4575,19
4576,4576,14
4577,4577,7
4578,4578,17
4579,4579,2
4580,4580,2
4581,4581,8
4582,4582,7
4583,4583,4
4584,4584,9
4585,4585,7
4586,4586,18
4587,4587,17
4588,4588,16
4589,4589,19
4590,4590,0
4591,4591,7
4592,4592,10
4593,4593,11
4594,4594,11
4595,4595,4
4596,4596,19
4597,4597,11
4598,4598,10
4599,4599,4
4600,4600,7
4601,4601,11
4602,4602,17
4603,4603,4
4604,4604,19
4605,4605,11
4606,4606,19
4607,4607,13
4608,4608,11
4609,4609,7
4610,4610,0
4611,4611,8
4612,4612,16
4613,4613,7
4614,4614,7
4615,4615,7
4616,4616,17
4617,4617,16
4618,4618,6
4619,4619,10
4620,4620,4
4621,4621,8
4622,4622,7
4623,4623,7
4624,4624,16
4625,4625,1
4626,4626,11
4627,4627,7
4628,4628,1
4629,4629,2
4630,4630,2
4631,4631,10
4632,4632,1
4633,4633,7
4634,4634,4
4635,4635,8
4636,4636,12
4637,4637,7
4638,4638,3
4639,4639,4
4640,4640,17
4641,4641,0
4642,4642,10
4643,4643,4
4644,4644,4
4645,4645,17
4646,4646,4
4647,4647,7
4648,4648,7
4649,4649,11
4650,4650,9
4651,4651,4
4652,4652,17
4653,4653,7
4654,4654,16
4655,4655,16
4656,4656,17
4657,4657,9
4658,4658,3
4659,4659,5
4660,4660,18
4661,4661,17
4662,4662,7
4663,4663,17
4664,4664,17
4665,4665,3
4666,4666,12
4667,4667,4
4668,4668,19
4669,4669,19
4670,4670,4
4671,4671,2
4672,4672,4
4673,4673,16
4674,4674,17
4675,4675,17
4676,4676,9
4677,4677,12
4678,4678,19
4679,4679,8
4680,4680,1
4681,4681,17
4682,4682,17
4683,4683,8
4684,4684,7
4685,4685,7
4686,4686,9
4687,4687,9
4688,4688,4
4689,4689,10
4690,4690,4
4691,4691,10
4692,4692,8
4693,4693,4
4694,4694,15
4695,4695,7
4696,4696,4
4697,4697,17
4698,4698,1
4699,4699,17
4700,4700,1
4701,4701,7
4702,4702,8
4703,4703,17
4704,4704,1
4705,4705,2
4706,4706,7
4707,4707,7
4708,4708,16
4709,4709,4
4710,4710,1
4711,4711,12
4712,4712,3
4713,4713,8
4714,4714,0
4715,4715,7
4716,4716,1
4717,4717,10
4718,4718,1
4719,4719,4
4720,4720,1
4721,4721,4
4722,4722,8
4723,4723,2
4724,4724,4
4725,4725,17
4726,4726,9
4727,4727,1
4728,4728,4
4729,4729,4
4730,4730,2
4731,4731,4
4732,4732,8
4733,4733,9
4734,4734,9
4735,4735,8
4736,4736,2
4737,4737,7
4738,4738,7
4739,4739,17
4740,4740,2
4741,4741,0
4742,4742,19
4743,4743,7
4744,4744,7
4745,4745,8
4746,4746,13
4747,4747,8
4748,4748,4
4749,4749,14
4750,4750,16
4751,4751,3
4752,4752,13
4753,4753,17
4754,4754,7
4755,4755,12
4756,4756,16
4757,4757,11
4758,4758,18
4759,4759,16
4760,4760,7
4761,4761,8
4762,4762,16
4763,4763,0
4764,4764,8
4765,4765,4
4766,4766,1
4767,4767,16
4768,4768,1
4769,4769,4
4770,4770,19
4771,4771,4
4772,4772,7
4773,4773,10
4774,4774,16
4775,4775,19
4776,4776,16
4777,4777,2
4778,4778,0
4779,4779,16
4780,4780,4
4781,4781,16
4782,4782,16
4783,4783,12
4784,4784,7
4785,4785,18
4786,4786,7
4787,4787,11
4788,4788,0
4789,4789,16
4790,4790,13
4791,4791,0
4792,4792,14
4793,4793,10
4794,4794,17
4795,4795,10
4796,4796,1
4797,4797,7
4798,4798,7
4799,4799,19
4800,4800,16
4801,4801,8
4802,4802,8
4803,4803,4
4804,4804,12
4805,4805,8
4806,4806,7
4807,4807,0
4808,4808,17
4809,4809,2
4810,4810,10
4811,4811,7
4812,4812,0
4813,4813,17
4814,4814,17
4815,4815,16
4816,4816,13
4817,4817,13
4818,4818,17
4819,4819,3
4820,4820,11
4821,4821,11
4822,4822,15
4823,4823,19
4824,4824,14
4825,4825,18
4826,4826,11
4827,4827,2
4828,4828,17
4829,4829,9
4830,4830,12
4831,4831,4
4832,4832,1
4833,4833,14
4834,4834,2
4835,4835,8
4836,4836,14
4837,4837,10
4838,4838,7
4839,4839,7
4840,4840,16
4841,4841,9
4842,4842,4
4843,4843,8
4844,4844,13
4845,4845,10
4846,4846,4
4847,4847,8
4848,4848,17
4849,4849,7
4850,4850,16
4851,4851,2
4852,4852,10
4853,4853,7
4854,4854,17
4855,4855,14
4856,4856,19
4857,4857,14
4858,4858,14
4859,4859,17
4860,4860,4
4861,4861,10
4862,4862,12
4863,4863,8
4864,4864,7
4865,4865,9
4866,4866,1
4867,4867,4
4868,4868,10
4869,4869,7
4870,4870,7
4871,4871,13
4872,4872,17
4873,4873,14
4874,4874,1
4875,4875,8
4876,4876,16
4877,4877,19
4878,4878,5
4879,4879,18
4880,4880,2
4881,4881,7
4882,4882,16
4883,4883,6
4884,4884,1
4885,4885,11
4886,4886,4
4887,4887,8
4888,4888,7
4889,4889,7
4890,4890,7
4891,4891,10
4892,4892,11
4893,4893,7
4894,4894,19
4895,4895,10
4896,4896,7
4897,4897,10
4898,4898,8
4899,4899,19
4900,4900,7
4901,4901,16
4902,4902,11
4903,4903,3
4904,4904,10
4905,4905,7
4906,4906,3
4907,4907,13
4908,4908,13
4909,4909,19
4910,4910,11
4911,4911,16
4912,4912,13
4913,4913,8
4914,4914,2
4915,4915,6
4916,4916,10
4917,4917,10
4918,4918,9
4919,4919,16
4920,4920,10
4921,4921,0
4922,4922,11
4923,4923,11
4924,4924,11
4925,4925,7
4926,4926,17
4927,4927,2
4928,4928,11
4929,4929,2
4930,4930,19
4931,4931,4
4932,4932,19
4933,4933,3
4934,4934,12
4935,4935,7
4936,4936,4
4937,4937,9
4938,4938,4
4939,4939,19
4940,4940,17
4941,4941,9
4942,4942,12
4943,4943,11
4944,4944,7
4945,4945,4
4946,4946,17
4947,4947,17
4948,4948,19
4949,4949,1
4950,4950,2
4951,4951,10
4952,4952,12
4953,4953,7
4954,4954,4
4955,4955,4
4956,4956,4
4957,4957,16
4958,4958,3
4959,4959,16
4960,4960,7
4961,4961,16
4962,4962,1
4963,4963,4
4964,4964,7
4965,4965,7
4966,4966,9
4967,4967,19
4968,4968,10
4969,4969,7
4970,4970,12
4971,4971,10
4972,4972,13
4973,4973,17
4974,4974,16
4975,4975,19
4976,4976,16
4977,4977,7
4978,4978,11
4979,4979,7
4980,4980,16
4981,4981,5
4982,4982,10
4983,4983,11
4984,4984,1
4985,4985,10
4986,4986,19
4987,4987,0
4988,4988,19
4989,4989,4
4990,4990,19
4991,4991,5
4992,4992,2
4993,4993,13
4994,4994,2
4995,4995,5
4996,4996,4
4997,4997,0
4998,4998,16
4999,4999,19
5000,5000,0
5001,5001,7
5002,5002,17
5003,5003,4
5004,5004,8
5005,5005,11
5006,5006,2
5007,5007,4
5008,5008,11
5009,5009,1
5010,5010,19
5011,5011,8
5012,5012,2
5013,5013,8
5014,5014,4
5015,5015,8
5016,5016,16
5017,5017,1
5018,5018,12
5019,5019,7
5020,5020,9
5021,5021,1
5022,5022,11
5023,5023,12
5024,5024,9
5025,5025,5
5026,5026,11
5027,5027,14
5028,5028,12
5029,5029,7
5030,5030,11
5031,5031,7
5032,5032,9
5033,5033,11
5034,5034,0
5035,5035,17
5036,5036,19
5037,5037,16
5038,5038,11
5039,5039,5
5040,5040,17
5041,5041,8
5042,5042,9
5043,5043,17
5044,5044,2
5045,5045,1
5046,5046,4
5047,5047,10
5048,5048,2
5049,5049,7
5050,5050,1
5051,5051,3
5052,5052,11
5053,5053,12
5054,5054,14
5055,5055,2
5056,5056,10
5057,5057,17
5058,5058,14
5059,5059,1
5060,5060,13
5061,5061,0
5062,5062,10
5063,5063,9
5064,5064,5
5065,5065,0
5066,5066,2
5067,5067,8
5068,5068,19
5069,5069,16
5070,5070,3
5071,5071,12
5072,5072,19
5073,5073,9
5074,5074,17
5075,5075,5
5076,5076,16
5077,5077,7
5078,5078,19
5079,5079,11
5080,5080,11
5081,5081,7
5082,5082,7
5083,5083,0
5084,5084,7
5085,5085,1
5086,5086,10
5087,5087,6
5088,5088,4
5089,5089,12
5090,5090,2
5091,5091,7
5092,5092,19
5093,5093,13
5094,5094,9
5095,5095,10
5096,5096,4
5097,5097,10
5098,5098,19
5099,5099,17
5100,5100,7
5101,5101,0
5102,5102,12
5103,5103,16
5104,5104,17
5105,5105,3
5106,5106,9
5107,5107,17
5108,5108,17
5109,5109,16
5110,5110,7
5111,5111,11
5112,5112,16
5113,5113,4
5114,5114,2
5115,5115,4
5116,5116,7
5117,5117,6
5118,5118,14
5119,5119,4
5120,5120,16
5121,5121,18
5122,5122,13
5123,5123,0
5124,5124,19
5125,5125,3
5126,5126,2
5127,5127,19
5128,5128,10
5129,5129,19
5130,5130,12
5131,5131,19
5132,5132,19
5133,5133,3
5134,5134,7
5135,5135,8
5136,5136,13
5137,5137,6
5138,5138,3
5139,5139,3
5140,5140,12
5141,5141,11
5142,5142,11
5143,5143,11
5144,5144,10
5145,5145,4
5146,5146,3
5147,5147,7
5148,5148,17
5149,5149,3
5150,5150,11
5151,5151,17
5152,5152,19
5153,5153,16
5154,5154,19
5155,5155,4
5156,5156,11
5157,5157,11
5158,5158,4
5159,5159,7
5160,5160,0
5161,5161,11
5162,5162,7
5163,5163,0
5164,5164,16
5165,5165,0
5166,5166,14
5167,5167,11
5168,5168,17
5169,5169,19
5170,5170,1
5171,5171,10
5172,5172,7
5173,5173,7
5174,5174,7
5175,5175,12
5176,5176,5
5177,5177,8
5178,5178,11
5179,5179,4
5180,5180,17
5181,5181,19
5182,5182,4
5183,5183,7
5184,5184,17
5185,5185,14
5186,5186,17
5187,5187,15
5188,5188,14
5189,5189,2
5190,5190,12
5191,5191,17
5192,5192,0
5193,5193,3
5194,5194,12
5195,5195,16
5196,5196,7
5197,5197,14
5198,5198,7
5199,5199,10
5200,5200,17
5201,5201,11
5202,5202,16
5203,5203,19
5204,5204,0
5205,5205,2
5206,5206,11
5207,5207,17
5208,5208,0
5209,5209,4
5210,5210,12
5211,5211,12
5212,5212,15
5213,5213,17
5214,5214,9
5215,5215,3
5216,5216,1
5217,5217,16
5218,5218,15
5219,5219,8
5220,5220,11
5221,5221,4
5222,5222,17
5223,5223,17
5224,5224,10
5225,5225,16
5226,5226,0
5227,5227,0
5228,5228,7
5229,5229,1
5230,5230,5
5231,5231,12
5232,5232,14
5233,5233,7
5234,5234,10
5235,5235,13
5236,5236,4
5237,5237,5
5238,5238,5
5239,5239,1
5240,5240,0
5241,5241,5
5242,5242,7
5243,5243,4
5244,5244,8
5245,5245,0
5246,5246,12
5247,5247,7
5248,5248,19
5249,5249,4
5250,5250,19
5251,5251,10
5252,5252,12
5253,5253,1
5254,5254,4
5255,5255,19
5256,5256,8
5257,5257,12
5258,5258,4
5259,5259,2
5260,5260,7
5261,5261,10
5262,5262,10
5263,5263,5
5264,5264,2
5265,5265,18
5266,5266,12
5267,5267,10
5268,5268,17
5269,5269,10
5270,5270,19
5271,5271,4
5272,5272,10
5273,5273,19
5274,5274,17
5275,5275,19
5276,5276,5
5277,5277,0
5278,5278,12
5279,5279,11
5280,5280,0
5281,5281,17
5282,5282,8
5283,5283,0
5284,5284,10
5285,5285,3
5286,5286,7
5287,5287,11
5288,5288,7
5289,5289,5
5290,5290,11
5291,5291,10
5292,5292,14
5293,5293,4
5294,5294,17
5295,5295,4
5296,5296,14
5297,5297,11
5298,5298,7
5299,5299,2
5300,5300,7
5301,5301,7
5302,5302,16
5303,5303,17
5304,5304,17
5305,5305,2
5306,5306,17
5307,5307,6
5308,5308,16
5309,5309,8
5310,5310,14
5311,5311,7
5312,5312,19
5313,5313,2
5314,5314,2
5315,5315,13
5316,5316,7
5317,5317,4
5318,5318,13
5319,5319,2
5320,5320,17
5321,5321,6
5322,5322,15
5323,5323,10
5324,5324,8
5325,5325,8
5326,5326,16
5327,5327,16
5328,5328,13
5329,5329,1
5330,5330,16
5331,5331,9
5332,5332,4
5333,5333,10
5334,5334,4
5335,5335,9
5336,5336,0
5337,5337,6
5338,5338,2
5339,5339,10
5340,5340,16
5341,5341,8
5342,5342,9
5343,5343,5
5344,5344,7
5345,5345,4
5346,5346,19
5347,5347,6
5348,5348,2
5349,5349,7
5350,5350,10
5351,5351,13
5352,5352,13
5353,5353,12
5354,5354,17
5355,5355,19
5356,5356,9
5357,5357,3
5358,5358,10
5359,5359,9
5360,5360,13
5361,5361,13
5362,5362,9
5363,5363,19
5364,5364,12
5365,5365,7
5366,5366,19
5367,5367,9
5368,5368,12
5369,5369,7
5370,5370,16
5371,5371,2
5372,5372,10
5373,5373,13
5374,5374,4
5375,5375,11
5376,5376,14
5377,5377,17
5378,5378,8
5379,5379,5
5380,5380,0
5381,5381,7
5382,5382,2
5383,5383,7
5384,5384,7
5385,5385,12
5386,5386,7
5387,5387,12
5388,5388,10
5389,5389,16
5390,5390,8
5391,5391,19
5392,5392,8
5393,5393,12
5394,5394,10
5395,5395,10
5396,5396,19
5397,5397,9
5398,5398,9
5399,5399,17
5400,5400,2
5401,5401,7
5402,5402,10
5403,5403,2
5404,5404,11
5405,5405,2
5406,5406,13
5407,5407,0
5408,5408,12
5409,5409,14
5410,5410,19
5411,5411,17
5412,5412,1
5413,5413,4
5414,5414,7
5415,5415,7
5416,5416,0
5417,5417,4
5418,5418,19
5419,5419,7
5420,5420,11
5421,5421,2
5422,5422,19
5423,5423,19
5424,5424,9
5425,5425,7
5426,5426,0
5427,5427,8
5428,5428,4
5429,5429,17
5430,5430,19
5431,5431,19
5432,5432,12
5433,5433,12
5434,5434,3
5435,5435,7
5436,5436,11
5437,5437,8
5438,5438,11
5439,5439,14
5440,5440,10
5441,5441,10
5442,5442,0
5443,5443,0
5444,5444,8
5445,5445,14
5446,5446,7
5447,5447,9
5448,5448,8
5449,5449,7
5450,5450,4
5451,5451,0
5452,5452,19
5453,5453,17
5454,5454,10
5455,5455,0
5456,5456,3
5457,5457,11
5458,5458,11
5459,5459,10
5460,5460,8
5461,5461,13
5462,5462,0
5463,5463,12
5464,5464,7
5465,5465,8
5466,5466,11
5467,5467,10
5468,5468,8
5469,5469,6
5470,5470,14
5471,5471,10
5472,5472,7
5473,5473,14
5474,5474,8
5475,5475,7
5476,5476,2
5477,5477,10
5478,5478,9
5479,5479,4
5480,5480,0
5481,5481,14
5482,5482,3
5483,5483,17
5484,5484,8
5485,5485,8
5486,5486,11
5487,5487,1
5488,5488,9
5489,5489,9
5490,5490,13
5491,5491,11
5492,5492,7
5493,5493,7
5494,5494,0
5495,5495,4
5496,5496,13
5497,5497,17
5498,5498,7
5499,5499,2
5500,5500,7
5501,5501,10
5502,5502,13
5503,5503,10
5504,5504,8
5505,5505,14
5506,5506,4
5507,5507,10
5508,5508,7
5509,5509,4
5510,5510,19
5511,5511,13
5512,5512,10
5513,5513,8
5514,5514,11
5515,5515,2
5516,5516,4
5517,5517,7
5518,5518,2
5519,5519,7
5520,5520,19
5521,5521,13
5522,5522,8
5523,5523,10
5524,5524,6
5525,5525,11
5526,5526,10
5527,5527,2
5528,5528,19
5529,5529,4
5530,5530,2
5531,5531,10
5532,5532,11
5533,5533,13
5534,5534,7
5535,5535,2
5536,5536,8
5537,5537,7
5538,5538,3
5539,5539,12
5540,5540,16
5541,5541,3
5542,5542,13
5543,5543,4
5544,5544,17
5545,5545,7
5546,5546,12
5547,5547,12
5548,5548,7
5549,5549,7
5550,5550,4
5551,5551,7
5552,5552,8
5553,5553,7
5554,5554,16
5555,5555,8
5556,5556,7
5557,5557,7
5558,5558,13
5559,5559,4
5560,5560,13
5561,5561,7
5562,5562,12
5563,5563,0
5564,5564,16
5565,5565,19
5566,5566,17
5567,5567,7
5568,5568,19
5569,5569,7
5570,5570,4
5571,5571,7
5572,5572,9
5573,5573,0
5574,5574,8
5575,5575,10
5576,5576,4
5577,5577,1
5578,5578,13
5579,5579,7
5580,5580,12
5581,5581,14
5582,5582,3
5583,5583,12
5584,5584,18
5585,5585,12
5586,5586,7
5587,5587,0
5588,5588,7
5589,5589,7
5590,5590,7
5591,5591,8
5592,5592,7
5593,5593,0
5594,5594,10
5595,5595,0
5596,5596,12
5597,5597,7
5598,5598,13
5599,5599,9
5600,5600,13
5601,5601,5
5602,5602,11
5603,5603,7
5604,5604,16
5605,5605,10
5606,5606,13
5607,5607,17
5608,5608,4
5609,5609,16
5610,5610,8
5611,5611,7
5612,5612,19
5613,5613,12
5614,5614,7
5615,5615,19
5616,5616,10
5617,5617,14
5618,5618,11
5619,5619,16
5620,5620,11
5621,5621,12
5622,5622,8
5623,5623,16
5624,5624,7
5625,5625,13
5626,5626,7
5627,5627,10
5628,5628,9
5629,5629,19
5630,5630,10
5631,5631,4
5632,5632,17
5633,5633,16
5634,5634,19
5635,5635,16
5636,5636,10
5637,5637,19
5638,5638,10
5639,5639,19
5640,5640,19
5641,5641,19
5642,5642,11
5643,5643,10
5644,5644,10
5645,5645,10
5646,5646,10
5647,5647,10
5648,5648,11
5649,5649,16
5650,5650,4
5651,5651,3
5652,5652,18
5653,5653,16
5654,5654,7
5655,5655,13
5656,5656,11
5657,5657,4
5658,5658,19
5659,5659,16
5660,5660,7
5661,5661,0
5662,5662,8
5663,5663,17
5664,5664,10
5665,5665,10
5666,5666,8
5667,5667,17
5668,5668,8
5669,5669,7
5670,5670,8
5671,5671,10
5672,5672,7
5673,5673,0
5674,5674,14
5675,5675,17
5676,5676,12
5677,5677,8
5678,5678,19
5679,5679,17
5680,5680,1
5681,5681,8
5682,5682,10
5683,5683,19
5684,5684,0
5685,5685,4
5686,5686,4
5687,5687,7
5688,5688,7
5689,5689,11
5690,5690,10
5691,5691,3
5692,5692,19
5693,5693,10
5694,5694,4
5695,5695,9
5696,5696,15
5697,5697,3
5698,5698,4
5699,5699,4
5700,5700,4
5701,5701,3
5702,5702,12
5703,5703,7
5704,5704,16
5705,5705,11
5706,5706,16
5707,5707,1
5708,5708,10
5709,5709,7
5710,5710,17
5711,5711,17
5712,5712,11
5713,5713,10
5714,5714,2
5715,5715,7
5716,5716,14
5717,5717,8
5718,5718,1
5719,5719,14
5720,5720,10
5721,5721,10
5722,5722,16
5723,5723,16
5724,5724,1
5725,5725,19
5726,5726,10
5727,5727,19
5728,5728,7
5729,5729,8
5730,5730,19
5731,5731,10
5732,5732,1
5733,5733,1
5734,5734,11
5735,5735,4
5736,5736,3
5737,5737,12
5738,5738,17
5739,5739,7
5740,5740,17
5741,5741,7
5742,5742,7
5743,5743,2
5744,5744,3
5745,5745,4
5746,5746,19
5747,5747,7
5748,5748,7
5749,5749,16
5750,5750,5
5751,5751,6
5752,5752,19
5753,5753,1
5754,5754,16
5755,5755,11
5756,5756,13
5757,5757,10
5758,5758,11
5759,5759,1
5760,5760,17
5761,5761,8
5762,5762,10
5763,5763,19
5764,5764,8
5765,5765,10
5766,5766,3
5767,5767,3
5768,5768,8
5769,5769,8
5770,5770,10
5771,5771,8
5772,5772,10
5773,5773,19
5774,5774,10
5775,5775,19
5776,5776,8
5777,5777,9
5778,5778,9
5779,5779,3
5780,5780,16
5781,5781,5
5782,5782,9
5783,5783,5
5784,5784,9
5785,5785,3
5786,5786,11
5787,5787,1
5788,5788,17
5789,5789,3
5790,5790,14
5791,5791,3
5792,5792,14
5793,5793,10
5794,5794,3
5795,5795,9
5796,5796,16
5797,5797,12
5798,5798,0
5799,5799,0
5800,5800,16
5801,5801,1
5802,5802,11
5803,5803,7
5804,5804,13
5805,5805,0
5806,5806,7
5807,5807,1
5808,5808,12
5809,5809,16
5810,5810,7
5811,5811,19
5812,5812,7
5813,5813,13
5814,5814,7
5815,5815,1
5816,5816,9
5817,5817,4
5818,5818,8
5819,5819,7
5820,5820,12
5821,5821,2
5822,5822,15
5823,5823,4
5824,5824,16
5825,5825,9
5826,5826,7
5827,5827,7
5828,5828,2
5829,5829,10
5830,5830,10
5831,5831,10
5832,5832,5
5833,5833,2
5834,5834,0
5835,5835,7
5836,5836,12
5837,5837,7
5838,5838,4
5839,5839,16
5840,5840,13
5841,5841,10
5842,5842,11
5843,5843,9
5844,5844,8
5845,5845,8
5846,5846,16
5847,5847,1
5848,5848,7
5849,5849,7
5850,5850,8
5851,5851,4
5852,5852,4
5853,5853,7
5854,5854,10
5855,5855,0
5856,5856,10
5857,5857,7
5858,5858,8
5859,5859,2
5860,5860,2
5861,5861,4
5862,5862,16
5863,5863,0
5864,5864,1
5865,5865,8
5866,5866,1
5867,5867,2
5868,5868,18
5869,5869,4
5870,5870,7
5871,5871,19
5872,5872,16
5873,5873,1
5874,5874,8
5875,5875,8
5876,5876,2
5877,5877,13
5878,5878,7
5879,5879,16
5880,5880,0
5881,5881,12
5882,5882,0
5883,5883,7
5884,5884,6
5885,5885,13
5886,5886,10
5887,5887,6
5888,5888,2
5889,5889,5
5890,5890,16
5891,5891,7
5892,5892,16
5893,5893,16
5894,5894,11
5895,5895,7
5896,5896,9
5897,5897,2
5898,5898,10
5899,5899,19
5900,5900,5
5901,5901,10
5902,5902,7
5903,5903,7
5904,5904,12
5905,5905,10
5906,5906,7
5907,5907,5
5908,5908,9
5909,5909,16
5910,5910,13
5911,5911,19
5912,5912,15
5913,5913,16
5914,5914,14
5915,5915,7
5916,5916,8
5917,5917,13
5918,5918,7
5919,5919,19
5920,5920,16
5921,5921,19
5922,5922,7
5923,5923,13
5924,5924,12
5925,5925,18
5926,5926,10
5927,5927,19
5928,5928,11
5929,5929,12
5930,5930,2
5931,5931,12
5932,5932,0
5933,5933,16
5934,5934,8
5935,5935,18
5936,5936,18
5937,5937,8
5938,5938,7
5939,5939,7
5940,5940,8
5941,5941,0
5942,5942,13
5943,5943,2
5944,5944,16
5945,5945,0
5946,5946,8
5947,5947,10
5948,5948,0
5949,5949,7
5950,5950,16
5951,5951,19
5952,5952,11
5953,5953,8
5954,5954,10
5955,5955,16
5956,5956,2
5957,5957,7
5958,5958,2
5959,5959,18
5960,5960,12
5961,5961,7
5962,5962,13
5963,5963,4
5964,5964,3
5965,5965,19
5966,5966,13
5967,5967,4
5968,5968,13
5969,5969,7
5970,5970,13
5971,5971,2
5972,5972,10
5973,5973,17
5974,5974,16
5975,5975,0
5976,5976,18
5977,5977,7
5978,5978,4
5979,5979,4
5980,5980,2
5981,5981,11
5982,5982,16
5983,5983,4
5984,5984,4
5985,5985,8
5986,5986,8
5987,5987,0
5988,5988,4
5989,5989,19
5990,5990,1
5991,5991,9
5992,5992,1
5993,5993,7
5994,5994,19
5995,5995,17
5996,5996,17
5997,5997,7
5998,5998,11
5999,5999,7
6000,6000,19
6001,6001,7
6002,6002,0
6003,6003,19
6004,6004,3
6005,6005,9
6006,6006,1
6007,6007,7
6008,6008,12
6009,6009,7
6010,6010,4
6011,6011,2
6012,6012,0
6013,6013,7
6014,6014,9
6015,6015,3
6016,6016,17
6017,6017,13
6018,6018,9
6019,6019,19
6020,6020,11
6021,6021,19
6022,6022,1
6023,6023,2
6024,6024,10
6025,6025,9
6026,6026,1
6027,6027,7
6028,6028,2
6029,6029,4
6030,6030,13
6031,6031,12
6032,6032,9
6033,6033,10
6034,6034,7
6035,6035,7
6036,6036,12
6037,6037,9
6038,6038,12
6039,6039,1
6040,6040,12
6041,6041,12
6042,6042,7
6043,6043,12
6044,6044,19
6045,6045,13
6046,6046,9
6047,6047,7
6048,6048,10
6049,6049,7
6050,6050,10
6051,6051,19
6052,6052,7
6053,6053,12
6054,6054,3
6055,6055,4
6056,6056,7
6057,6057,19
6058,6058,3
6059,6059,19
6060,6060,19
6061,6061,19
6062,6062,6
6063,6063,11
6064,6064,17
6065,6065,16
6066,6066,9
6067,6067,10
6068,6068,16
6069,6069,19
6070,6070,10
6071,6071,12
6072,6072,5
6073,6073,19
6074,6074,2
6075,6075,7
6076,6076,1
6077,6077,8
6078,6078,10
6079,6079,6
6080,6080,17
6081,6081,19
6082,6082,19
6083,6083,6
6084,6084,10
6085,6085,1
6086,6086,7
6087,6087,19
6088,6088,4
6089,6089,1
6090,6090,8
6091,6091,1
6092,6092,3
6093,6093,19
6094,6094,9
6095,6095,10
6096,6096,2
6097,6097,17
6098,6098,11
6099,6099,17
6100,6100,11
6101,6101,7
6102,6102,18
6103,6103,18
6104,6104,3
6105,6105,19
6106,6106,7
6107,6107,4
6108,6108,10
6109,6109,7
6110,6110,4
6111,6111,4
6112,6112,19
6113,6113,4
6114,6114,8
6115,6115,9
6116,6116,10
6117,6117,10
6118,6118,18
6119,6119,3
6120,6120,2
6121,6121,10
6122,6122,13
6123,6123,7
6124,6124,2
6125,6125,16
6126,6126,16
6127,6127,4
6128,6128,2
6129,6129,19
6130,6130,4
6131,6131,1
6132,6132,4
6133,6133,5
6134,6134,19
6135,6135,7
6136,6136,10
6137,6137,1
6138,6138,19
6139,6139,5
6140,6140,13
6141,6141,16
6142,6142,10
6143,6143,10
6144,6144,7
6145,6145,10
6146,6146,4
6147,6147,4
6148,6148,4
6149,6149,17
6150,6150,16
6151,6151,19
6152,6152,17
6153,6153,4
6154,6154,19
6155,6155,12
6156,6156,4
6157,6157,2
6158,6158,19
6159,6159,10
6160,6160,2
