group_type,group_value,n,mean_residual,median_residual,p10,p90,size_weighted_mean
location,AZ,392,-744.0662468112245,-7978.19921875,-27243.8828125,33414.28125,-47.34198486447005
location,CA,1695,1060.7602645648967,-1661.234375,-43453.7609375,49454.1578125,291.83389846412916
location,CO,96,-2162.9502766927085,-3819.3515625,-13842.52734375,15880.8515625,-33.70284475937348
location,DE,21,-314.9252232142857,-10700.578125,-34913.625,63888.1953125,-1.0734344566628793
location,FL,96,-2920.5443115234375,-7284.515625,-12986.25390625,12608.1875,-45.50758868791592
location,GA,4,-6381.291015625,-7721.08203125,-7721.08203125,-3969.6671874999993,-4.143022896039604
location,IL,527,-934.3138342030361,324.9921875,-31679.7984375,36405.4046875,-79.91939468024673
location,IN,23,-5145.980638586957,-5309.5078125,-6056.30703125,-4043.46328125,-19.21077011645837
location,KS,3,-3993.0403645833335,-4089.5,-5086.58125,-2860.915625,-1.9443468744927772
location,NC,90,-2152.765017361111,-2460.23046875,-11587.03125,7264.032812500001,-31.447630508440188
location,NJ,118,-115.35639565677967,-4444.77734375,-34289.59609375,29945.814062499998,-2.2093904702970297
location,NY,658,417.5031107522796,-7104.23828125,-29905.38125,40536.77265625002,44.589684608829735
location,OH,212,232.81360554245282,-2996.34765625,-30732.03828125,37698.78906250003,8.011115788832981
location,PA,438,339.9457227454338,-8839.1015625,-30482.10390625,35718.922656250004,24.16754204877455
location,SC,3,-2099.0703125,-4789.84375,-4912.7125,1790.8812500000004,-1.0221085761240059
location,TX,1647,-242.13150804493017,-8146.6015625,-37818.4109375,44253.6015625,-64.72822492290213
location,UT,33,-12943.685724431818,-11442.1328125,-23475.68203125,-5816.337499999998,-69.32991866681544
location,VA,48,-2891.190185546875,-8405.43359375,-12952.1265625,14598.02421875,-22.525098020816426
location,WA,53,-2787.717128537736,-11372.109375,-16018.1328125,12879.5109375,-23.9813354670508
location,international,4,-1261.255859375,-32877.0234375,-35097.7125,57867.81484375002,-0.8188643787534491
sector,Accounting & Legal,114,346.50575657894734,-5061.91796875,-31865.55703125,41165.49687500002,6.411565695503977
sector,Aerospace & Defense,59,2372.325410487288,-2595.8671875,-30203.1203125,46347.56875000002,22.71825989591787
sector,Agriculture & Forestry,5,-14650.225,2839.3359375,-55912.9890625,19702.328125,-11.889486284694042
sector,"Arts, Entertainment & Recreation",17,2390.800091911765,-12570.5546875,-35337.5984375,59470.21562500001,6.596916338662555
sector,Biotech & Pharmaceuticals,326,944.8707822085889,-3493.47265625,-35388.9765625,41735.35546875,49.9964088621977
sector,Business Services,1202,-343.69114626663895,-5822.84765625,-32932.22421875,38800.815625,-67.05352342355137
sector,"Construction, Repair & Maintenance",32,2369.582763671875,72.03125,-37718.896875,38530.97890625,12.30752287575069
sector,Consumer Services,34,-1650.7732077205883,-7351.64453125,-39882.339062499996,39753.03828124999,-9.109931677081642
sector,Education,153,-2981.236391952614,-7229.0703125,-35315.2265625,41893.91406250004,-74.03492419554455
sector,Finance,439,-1596.8067429527334,-7480.25,-36729.5625,40530.409374999996,-113.77993185460963
sector,Government,118,982.7645656779661,-5170.30859375,-35620.93203125,38229.33828124997,18.822629240383055
sector,Health Care,348,-689.7350035919541,-5482.3515625,-35658.50234375,38786.752343750006,-38.959224354812534
sector,Information Technology,1694,597.8154769591205,-4669.703125,-36418.9375,43057.00703125,164.37257230461776
sector,Insurance,160,-623.4792724609375,-3814.234375,-36588.65,36755.86171874999,-16.191638304455445
sector,Manufacturing,127,-112.93753075787401,-6451.8125,-38575.459375,42584.096875,-2.3280419422577503
sector,Media,117,-2092.519097222222,-3548.7890625,-40810.8015625,47700.293750000026,-39.73782411540334
sector,Mining & Metals,2,3331.328125,3331.328125,-10468.671875,17131.328125,1.0814244846615808
sector,Non-Profit,44,-3530.654119318182,-7784.943359375,-28485.9140625,25477.700781250005,-25.214864672942706
sector,"Oil, Gas, Energy & Utilities",47,5380.945478723404,-2942.1328125,-32883.4796875,48882.8015625,41.049251339068334
sector,Real Estate,24,-361.3177083333333,-7422.01171875,-37957.25781249999,38182.5921875,-1.407502840447979
sector,"Restaurants, Bars & Food Services",17,-4467.96231617647,-5009.515625,-32470.142187499998,11725.650000000001,-12.328414117026455
sector,Retail,110,1957.8344815340909,-2469.66796875,-32055.978124999998,43799.48437500001,34.95565540801007
sector,Telecommunications,32,6200.401611328125,696.71875,-37827.36015625,43595.15625,32.2046504727317
sector,Transportation & Logistics,36,2203.4768880208335,-2398.796875,-26561.51171875,37964.0859375,12.875372174768708
sector,Travel & Tourism,5,-10352.278125,-11894.59375,-33356.7109375,14730.260937500001,-8.401459280149327
sector,Unknown,899,-433.5259229004449,-4914.046875,-36333.5078125,41366.346875,-63.259179465589995
company_size,1 to 50 employees,897,-489.1806760381828,-5729.609375,-34259.8796875,41155.7546875,-71.22140340955202
company_size,10000+ employees,1368,1773.6613384046052,-2287.5625,-36985.827343749996,43332.17578124999,393.8270915334361
company_size,1001 to 5000 employees,901,147.51829997918978,-4309.8828125,-35045.1484375,41325.1640625,21.573443967091382
company_size,201 to 500 employees,667,-1724.7554582083958,-10085.71875,-35747.528125,38849.2484375,-186.72486457149813
company_size,5001 to 10000 employees,316,-2185.9311090783226,-5707.484375,-36447.9296875,36291.8046875,-112.11722617574256
company_size,501 to 1000 employees,518,-1501.007865287162,-6738.4296875,-35310.23515625,40951.9921875,-126.20062882953253
company_size,51 to 200 employees,983,72.29522189725331,-5122.515625,-34044.0890625,42804.04687500001,11.534848746145107
company_size,Unknown,511,-132.32259050880626,-4268.8203125,-37135.2421875,40461.890625,-10.974978696640155
ownership,government,128,3555.3568115234375,-3885.60546875,-35620.93203125,46338.41015625,73.86555297435481
ownership,nonprofit,491,-2897.3105747199593,-6591.6640625,-36569.5546875,34385.9453125,-230.9007453639831
ownership,private,3232,-333.50194587329827,-6029.65234375,-34340.196875,41325.07421875,-174.95184045812368
ownership,public,1818,909.8141630569307,-3224.8828125,-37433.74609375,42961.49453125,268.46975303319266
ownership,unknown,492,-210.2057768038618,-4229.09765625,-36315.91171875,40277.54375000006,-16.786437621733484
seniority,assistant,15,5906.349479166666,6470.8046875,-17429.0328125,34924.3140625,14.380010093734782
seniority,executive,117,719.7157451923077,-5288.5703125,-30941.0703125,44119.217187500006,13.667706896201915
seniority,junior,312,-2325.9811573517627,-8029.41015625,-40808.428125,41237.89296875003,-117.79031343836228
seniority,lead,309,-864.3181002224919,-5069.9609375,-35285.6625,39257.60937499998,-43.349179186617434
seniority,manager,375,1169.7936875,-5255.3828125,-36838.171875,44397.081250000025,71.20153105218309
seniority,mid,238,-1867.6042706144958,-6868.87890625,-36246.8703125,40371.95859375,-72.14572575981983
seniority,principal,285,1912.7109100877192,-5032.8359375,-37754.612499999996,47599.83593749999,88.47956652734945
seniority,senior,1122,199.66023284313727,-3950.5546875,-35527.196875,39400.009375,36.36078254341828
seniority,supervisor,8,-2691.7666015625,-5662.6875,-23799.715625,21153.102343749997,-3.4952333732348646
seniority,unknown,3380,-123.24344605214498,-4941.9609375,-35237.84921875,42537.36328125,-67.61286279114593
job_title,ML_AI_data_analyst,4,-308.22265625,16599.3828125,-50726.27187499999,36583.7421875,-0.20011209625060866
job_title,ML_AI_data_engineer,126,512.5182911706349,3890.3671875,-37161.09765625,41458.98828125,10.481627120191527
job_title,ML_AI_data_scientist,63,8914.508432539682,8810.5234375,-35521.6328125,50859.156250000015,91.1563108667424
job_title,ML_AI_scientist,29,5371.198275862069,5709.75,-33650.1125,41353.89687499999,25.282381106963157
job_title,business_data_analyst,988,-1957.0772393724696,-8270.12890625,-34963.09375,39400.986718750006,-313.84390723908456
job_title,business_data_engineer,45,-2309.964236111111,-7403.5703125,-33378.1875,35025.9015625,-16.871999776821944
job_title,business_data_scientist,108,2258.9798177083335,9134.57421875,-58342.69609375,43935.155468749996,39.599061891332575
job_title,business_scientist,3,36746.494791666664,20891.7421875,-9398.2265625,89233.1171875,17.893115464210354
job_title,general_data_data_analyst,1807,-625.6828544376037,-8123.890625,-32242.915624999998,42988.22343750002,-183.51061807640804
job_title,general_data_data_engineer,811,-150.06707093865597,-4730.7109375,-33189.0625,40951.9921875,-19.754000086227883
job_title,general_data_data_scientist,1017,884.6065941494592,2839.3359375,-39940.620312499996,41336.228125,146.02254605583508
job_title,general_data_scientist,3,7389.7265625,6512.9375,-2963.5625,18093.73125,3.598308665395228
job_title,health_data_analyst,159,-2373.976955581761,-7426.875,-35328.8796875,27722.059375000008,-61.26640739125143
job_title,health_data_engineer,3,-8545.088541666666,-19726.609375,-24136.565625,11518.996875,-4.160893625223178
job_title,health_data_scientist,84,3139.0823102678573,1520.390625,-41992.84375,43214.79140625,42.79872002312936
job_title,health_scientist,261,1845.155591475096,-3998.359375,-31603.3203125,40647.703125,78.1667926270086
job_title,research_data_analyst,17,-2104.765625,-12529.078125,-24135.703125,42630.4625,-5.8076636300925175
job_title,research_data_scientist,16,-2795.22705078125,-7248.265625,-37759.90234375,37878.6328125,-7.2591515683330625
job_title,research_scientist,515,361.75992111650487,-4223.2109375,-36083.0359375,42162.63125000001,30.239629828761565
job_title,security_data_analyst,51,-511.3350183823529,1794.515625,-30674.7265625,20628.7890625,-4.232768371611751
job_title,security_data_engineer,7,12258.933035714286,10896.8203125,-18274.8890625,41656.10468750002,13.928344627495537
job_title,security_data_scientist,27,5926.230902777777,5836.984375,-30427.2421875,49328.0515625,25.971146627982467
job_title,security_scientist,4,14016.392578125,4786.890625,-11585.1109375,47001.49765625001,9.100076337039441
job_title,sport_data_analyst,8,3423.3564453125,-5845.7890625,-32544.339062499996,46631.52031249999,4.44519583874371
job_title,sport_data_scientist,5,-2562.3015625,-3594.7890625,-17075.471875,10617.046875,-2.0794526558188604
