Sector,core_programming__basic_prob,core_programming__intermediate_prob,core_programming__advanced_prob,data_engineering_pipelines__basic_prob,data_engineering_pipelines__intermediate_prob,data_engineering_pipelines__advanced_prob,ml_ai__basic_prob,ml_ai__intermediate_prob,ml_ai__advanced_prob,analytics_stats__basic_prob,analytics_stats__intermediate_prob,analytics_stats__advanced_prob,bi_viz__basic_prob,bi_viz__intermediate_prob,bi_viz__advanced_prob,cloud__basic_prob,cloud__intermediate_prob,cloud__advanced_prob,db_storage__basic_prob,db_storage__intermediate_prob,db_storage__advanced_prob,productivity_workflow__basic_prob,productivity_workflow__intermediate_prob,productivity_workflow__advanced_prob,soft_skills__core_prob,soft_skills__leadership_prob,domain_specific__none_prob
Accounting & Legal,-0.21026079613933235,-0.016354404391705962,-0.0021075482595671524,-0.025858835538910212,0.09174661174378851,-0.11125325346060844,-0.033082653500170006,-0.08651729199853106,-0.010191471790304399,-0.08524083527874216,0.031853314678057854,-0.0192026251512863,-0.07805398741694125,-0.028373366481500295,-0.014694858194628894,0.047929071653752126,-0.04179049090387054,-0.017410641346399677,-0.0745785745161397,-0.002313572509962891,0.0006098279284560033,-0.08529665643763429,0.01643601626856961,-0.002726172222072532,-0.08896532025198423,0.0478612201307681,0.09931249933997127
Aerospace & Defense,-0.028647305163224446,-0.0570435590867177,-0.0021072616741873032,-0.029639413247430347,-0.2805583811402913,-0.10554944995524893,0.07755810727344084,0.0740997305370586,0.09507935572936665,-0.04546049668367291,-0.03921413645820304,-0.018100497294925428,-0.08852634344649596,-0.14590341258226286,-0.015403209966512243,-0.1407331024440513,0.007178202094757627,-0.020301795571927447,-0.326771807070381,-0.15206838870324504,-0.02592580362168858,-0.07817367909527287,0.022591760010663015,-0.0025669765523881082,0.10144391562918209,0.11448281565551965,0.04835692870725006
Agriculture & Forestry,-0.014446218046537007,-0.1099402575315581,-0.002107840318279376,-0.02901355074860052,-0.369987855815937,-0.21136533800286078,-0.03693734697543394,-0.09339535709214572,-0.08652890924724839,-0.4287501202108376,-0.09176656533957517,-0.019333089025268382,-0.3841028083113385,-0.32527324398230334,-0.016446251998744565,-0.22652754236449754,-0.10311925678065846,-0.0273193791187664,-0.1684740154913109,-0.07080629039375674,-0.025966400370072217,-0.14696983633892954,-0.18148788896797233,-0.0017275416095139063,-0.16139483093362417,-0.2986907387835579,-0.28658273024981673
"Arts, Entertainment & Recreation",0.08336316848030012,-0.10088292288363078,-0.0021079872937367653,-0.024429687607244083,0.024311970796702165,-0.10960026655165767,0.11958137636503238,0.2727627285356675,0.05647958624711655,0.20507429107534947,0.0794093355541527,0.04510549119095128,0.024902683142589366,0.30499829216891866,-0.01572514714793518,0.09945814833675551,-0.041502961089528154,-0.02713077086534355,0.3260931334605114,0.30530505498375204,-0.02561666721364481,-0.02899111558856929,-0.029817569341499428,0.11485375485383056,0.16693450971851698,0.15551714585761112,-0.119214713615065
Biotech & Pharmaceuticals,-0.1158213546132621,-0.08378016084655254,-0.0021074970377026035,-0.021716546838004967,-0.21941170887933695,-0.007825613067200615,-0.060035625032433704,-0.044952665582981416,-0.0322614704472975,-0.06087117336104364,0.04994814421502303,-0.018742854645958644,0.11183329954611776,-0.2071849142066267,-0.0011318407044911827,-0.09194732240657413,-0.060267014222912495,-0.013408300772630529,-0.3786016507734718,-0.14941999028724462,-0.016669421378042473,0.025961720504249775,-0.08871729957069337,-0.002727819227735614,0.17046617698997035,-0.02343142007710397,0.40007726324730325
Business Services,-0.05931535593222881,-0.028056019449126737,-0.002060560347739204,-0.005525252644156448,-0.04257343673167113,-0.06404625895096555,-0.04710863930421133,-0.05114451175158638,-0.022141423067673124,-0.0325635434115813,-0.02445191875497854,-0.00889304832626239,-0.02343171104529429,0.02527166370632533,-0.003282873283868613,-0.024223044275534733,-0.015559930037841493,-0.007768180253712169,0.019379572083222607,0.019202313978889718,-0.009507186642114158,-0.03347336989352295,-0.010026898592670391,-0.0008745073234982855,-0.06493414775702522,-0.02244216912932484,-0.011185810473698155
"Construction, Repair & Maintenance",-0.17888197128850652,-0.04958124667100029,-0.0021079522765537766,0.02006460890615258,-0.13676396838904897,-0.1168634655850288,-0.11671801133780495,-0.10253633613395885,-0.052705559414660826,-0.06617097085353818,-0.011529198536728541,-0.019494347962868832,0.16208171899096435,0.05300410354343915,-0.01369280919235203,-0.14045603750136293,-0.03690001275404933,-0.026682891311933653,-0.069075793201059,-0.19769314404936422,0.010015619821782382,-0.012686820641827551,-0.11342918306295091,-0.0027239387598795937,0.03993969505411832,-0.11188299913861721,-0.11530497915955171
Consumer Services,0.17292600875313724,-0.010224183487271901,0.02732602131734693,-0.027445080470254794,-0.0416263132291938,-0.05971397043681603,-0.08482245463058827,0.013013567723593245,-0.016695938214162098,0.0832265947831804,0.08714476927356452,-0.018184600251229154,0.05669020635100691,0.16537091333660486,-0.011341272945652337,-0.032493896313227466,-0.06231550007890164,0.029608845663769055,0.16457107559583506,0.18604967160530744,0.042485403214495926,0.22524376101284896,-0.05567455690643511,-0.0027732813437711433,-0.03349847483477797,0.0291710051047136,-0.11801749814939666
Education,0.01913066791695217,-0.05463188360960165,-0.0021030333824869213,0.006457751094380036,-0.1946902870458044,-0.11532834378166079,0.014498373106195866,-0.023723192149155803,-0.054276761256285916,-0.003371983558931979,-0.07653961488818588,-0.0017838442597265178,0.06993183643615991,-0.10743885185193039,-0.012158243523002456,-0.07485554020720853,-0.021004844497880273,0.025163319690611773,-0.24789610237456255,-0.09147408828267317,-0.00546873300301284,-0.029275715676486083,0.040181910216659206,-0.002730282849639509,0.11882564974938126,-0.025204775394220724,0.05676457899025428
Finance,0.09474713624289166,0.009986466738133887,0.0024760304399804676,-0.010295757274848348,0.03923218423991243,-0.009992005583361191,0.044468993471782875,-0.04017351462991531,-0.01454069347187581,0.07508046495972964,0.06149808398593107,0.06058774065108245,-0.04390117304408442,0.0350565748497883,-0.01354426252835765,0.018928432241331034,0.02094086336649606,-0.0008509425718500017,0.04240965884157555,-0.007027989233217735,-0.0006385417078873454,-0.012274081360734379,0.0262797934499025,-0.0027131876885789752,0.0995905481449968,0.13204932796654323,0.05514359812232372
Government,-0.05013872179107426,-0.06187776614489865,-0.0021060682854217375,0.007364571589382349,-0.3268462961140428,-0.026515077065315723,0.28926204450781434,0.035618515080376334,0.04494763471158472,0.16375715264525426,-0.07728702479402177,-0.01921511307135665,0.1859333588727301,-0.17435637023609227,0.012472691373742534,-0.17350134352460583,-0.09164464055259797,-0.01677059445598505,-0.07402004351833541,-0.051596836181536126,0.008061158056530147,0.13582314657683195,-0.08416561249294413,0.0057131423623099625,0.057154604356235095,0.2172278597207573,-0.01567735464719988
Health Care,-0.11048766565458207,-0.06936972242958628,-0.002065297651095372,0.007760889409240655,-0.15027326261687707,-0.10192195773306129,-0.06262709121284601,0.0026547950468468196,-0.047743775730785316,0.014931401673284661,-0.017938915136855,-0.005807177326428329,0.29441576429924976,0.0957777668044908,0.0011170487647680326,-0.11596695369116093,-0.06491314348199098,-0.021151084346989122,-0.02348722208255849,-0.06432976352832723,-0.004730767661693395,-0.01333621020522996,-0.0021016754238873114,0.010280446342334939,0.15986926004543833,0.08946261627346408,-0.1051018622511456
Information Technology,0.07727375082094912,0.06774513854257252,0.0017643375943937607,0.013783094481849015,0.13161379829599656,0.10660971584832588,0.03244195811202502,0.0377201339764619,0.03933305779757354,-0.0101574108697281,-0.008127937296569382,0.005252266150160199,-0.09544519140649,-0.013926134980040639,0.001378011246346917,0.052215558415775604,0.045120210402020605,0.011399252407079459,0.0656176320802827,0.05123685781802295,0.005769871434885977,0.032382932867014935,0.028790944654278366,-0.002573435786346554,-0.09516831555943994,-0.046749291713151564,-0.03479196202622781
Insurance,0.05681127178073153,-0.036936194912515305,-0.002107934971033305,-0.02935127167761524,0.0712523319151076,-0.11204350187547632,0.017082858707258675,0.1461097695719073,0.028041668992897797,0.19342876423787003,0.04389510206129005,-0.018760283850971,0.07531675509733526,0.060377701709369624,-0.01271729056678824,0.04625202518472246,-0.0012402356348975851,-0.010411240434325977,0.08930226944803576,-0.02044743345362482,-0.007101805738797696,-0.08262896983214771,-0.03976185722745165,0.009832026290122262,0.06086174787423204,0.20746690479623653,-0.13588114421739036
Manufacturing,0.04546075402880034,0.03120396421985125,-0.0021067685379642827,-0.018643567649963656,-0.14706064522899734,-0.05687649870996092,0.08173930345587718,-0.016190287053951063,-0.005005404832879035,0.004979497474579486,0.07905607439918014,-0.009013094499024751,0.15262248915319976,0.06817816316106023,0.09334495460123954,-0.02327798623708241,-0.03147826618516218,0.04903700851539786,-0.060012398713427395,-0.05964136190731739,-0.0017854321320807977,-0.0028661752745517133,-0.051930096050384594,-0.0027390143115400578,0.11755120026365862,-0.006068242984183181,0.19880650484067025
Media,0.12679409281739817,0.09815863251824342,-0.0021066745106913935,0.02624358731999861,0.24535559953441194,0.09975606826323383,0.13922477253431645,0.2043149424569825,0.09609279511134375,0.03926042682483999,0.04805863349215769,0.03702776440980819,-0.0013510736178324323,0.11232564051688887,-0.013923848209195,0.14445411564174268,0.000991197714958078,0.07129640780837421,0.22172256521247424,0.07517120212759171,0.08031879307534823,0.004743542194395545,0.1098729822982123,-0.0027725205688328074,0.19924734853914328,0.047344152528851935,-0.14877586273278912
Mining & Metals,0.3698599277133965,-0.11243236242213206,-0.002107991768266577,-0.03369363406989046,0.5794894919643756,-0.23067110952617395,-0.2045947315965466,-0.20889145907255546,-0.09381964904706819,0.3387659964880243,-0.08367091162480866,-0.019492700838196927,0.6054030461794051,0.6679056316347316,-0.016336277821281744,-0.23009908127597323,-0.10393710279324184,-0.02759615425161145,0.4345454280057135,-0.2470510578239412,-0.025979646943305713,0.8479116189476341,-0.16485629958996503,-0.0027730448404396394,0.2300628634122145,0.30862901782413665,-0.13746974616387658
Non-Profit,-0.11910548583741548,-0.05792755939116167,-0.002107918282967835,-0.0292987741068539,-0.1252026094934907,-0.07504958583234808,-0.11118498726346879,-0.13197615532819512,-0.023720935408682475,0.014005007055281404,-0.014001511585453041,-0.019109196252446847,0.28580221627201174,0.2579894075566422,-0.013640585698157376,0.021466739239271643,-0.07258945710562241,-0.02158004599960972,-0.006394774644054468,-0.08749978330020083,-0.0031606354015889272,-0.03094430671337925,0.0032767185345467242,-0.002724401670270714,0.11045049490069381,0.02797860649659245,-0.05475456357331676
"Oil, Gas, Energy & Utilities",-0.0039863797635905085,-0.034668709981952886,0.024386703723554545,-0.029131656806577165,-0.03771058215338868,0.02369103336278014,0.20882998155097307,0.2567439441128862,0.19248150150034812,0.12084959569611609,-0.06819040235180306,-0.01884821350325673,0.032888199466217516,-0.13555401963750402,-0.012856025489667213,0.0750108403949126,0.20258815511824874,0.005735448991868439,-0.1614541465704712,-0.05959934745000203,-0.025832041548562345,0.023800687242066715,-0.011160230127944704,-0.0027549316534275364,0.10278486665616227,-0.1817264486094175,0.13956977222449846
Real Estate,0.08828708116739725,-0.10438086520558307,-0.0021077524269624134,-0.02934710694512307,0.12991383089098235,-0.0807424907152626,-0.14503822365157001,-0.024842027853415743,-0.08931259041906296,0.118067729636819,0.1745936506533788,0.03364492395678492,0.07961855204286905,0.22570870806536253,-0.0146555988760719,-0.02749367459594987,-0.05061729246686341,-0.024913858007265095,0.2655197711110946,0.0313213539886974,0.015962008110784805,0.10469254262484343,-0.12785935546367252,-0.002761326575815831,0.18522327301412866,0.209063748845299,-0.2271168701818726
"Restaurants, Bars & Food Services",-0.018590102665227315,-0.10947702661999455,-0.0021079714308045224,-0.028412222597163486,-0.14876546546036198,0.025194840175644245,-0.09482179318883033,0.15233760991395723,-0.07449480631490235,0.1463311238516427,0.11221238738795267,-0.019242976831433882,0.07314616022093345,0.142355793578831,-0.013887965960569352,-0.17263491899937794,-0.10148487257343543,0.03146420364189608,0.18227341360867955,-0.02351686162786948,-0.025869960240407188,0.030580909982429183,-0.11383495466131498,-0.002770143050943432,-0.08511477698761327,0.05588441383287679,0.1622762456258272
Retail,0.1279912579728626,0.03291502114435518,-0.0020925385278649147,-0.029048286683231915,0.0694285299752408,0.04106055917105708,0.1294666862633296,0.05816083751619244,0.012803052747525176,0.09574991651639597,0.134669531106519,-0.001044658935034505,0.02436208495452946,0.11025924319551267,-0.013917323056318405,-0.010936295992643091,0.049211968959964464,0.0033889586328376825,0.19446621844654777,-0.06253024786137809,0.05407958484294066,0.009727528810152736,0.06974149399855989,-0.0026061131074169718,0.17354098905043758,0.05659766555690582,0.01490053774423511
Telecommunications,0.14311891103298002,0.03531273296493018,0.029209788775097282,0.0793815140261496,0.3453883226130609,0.1948215044932328,0.15913426131508498,0.12434887942916201,-0.029122154594934183,0.29211035480171177,0.03705543843897405,0.019556192384945766,0.3302974783104081,0.35666046315025585,-0.012058588227166225,0.1803596939502121,0.200894570607287,-0.021393515598563784,0.020392237475883035,0.018727636821416926,-0.02128252866910407,0.14109399488452232,0.18237554411499507,-0.0027743091251733903,0.2018658899677579,0.10360274461739105,0.08732140426384333
Transportation & Logistics,0.08285313621734125,-0.03128287994138866,-0.002107749468610229,-0.029370716528989704,-0.18047191888517897,0.024300669087588406,-0.0847859817517847,-0.04172980276605803,-0.06001773206652621,0.09308236592236852,0.0428204122367975,0.04125139513332808,0.03319469872672981,0.09139814257358975,-0.014521330432835062,-0.08414936461035141,0.004163046817165325,-0.019091844071563023,0.14475277223783312,0.022062349125801406,0.0021481930474455783,0.1950334350765013,-0.09246072630802743,-0.002767771985255131,-0.0017960015949997077,0.12822341750564403,-0.08201634484060913
Travel & Tourism,0.1950520496039161,-0.08356779512945921,-0.002107989839201578,-0.0252480798567185,0.3963544505871181,-0.18672911339238163,-0.03631492126820404,0.42183291403421624,0.11881833666471561,0.12570421282425215,-0.06900796566994848,0.19356659800306678,0.21266364097452373,0.6400402822685802,0.20085706987678104,0.16578248668275739,0.30567824595380516,-0.024800429353995672,0.24821277302744393,-0.22030510789140492,-0.02584663519759069,-0.06759598132904088,0.022638485858184038,-0.0027700042189057537,0.18175142120726062,-0.31316763984641494,-0.27895910236296007
Unknown,-0.05258256561215224,-0.014297869915540704,-0.0008934197148724773,0.0062598826032436855,-0.015098603639147279,-0.006547599708901425,-0.05984101873016512,-0.03505519816231234,-0.027397602835184734,-0.04755937977246394,-0.022071215917358195,-0.013537193810786828,-0.021354376108864592,-0.028512657480271264,0.007511503383221669,0.020425926712601322,-0.016037269859949285,-0.007890408282968834,-0.020787242459618716,0.004695546744488355,-0.0029232403316824043,-0.02226518948321063,-0.01731419195598935,0.002572905288822883,-0.029054377408189058,-0.06415307155226835,-0.04771171015638609
