title_rich,core_programming__basic_prob,core_programming__intermediate_prob,core_programming__advanced_prob,data_engineering_pipelines__basic_prob,data_engineering_pipelines__intermediate_prob,data_engineering_pipelines__advanced_prob,ml_ai__basic_prob,ml_ai__intermediate_prob,ml_ai__advanced_prob,analytics_stats__basic_prob,analytics_stats__intermediate_prob,analytics_stats__advanced_prob,bi_viz__basic_prob,bi_viz__intermediate_prob,bi_viz__advanced_prob,cloud__basic_prob,cloud__intermediate_prob,cloud__advanced_prob,db_storage__basic_prob,db_storage__intermediate_prob,db_storage__advanced_prob,productivity_workflow__basic_prob,productivity_workflow__intermediate_prob,productivity_workflow__advanced_prob,soft_skills__core_prob,soft_skills__leadership_prob,domain_specific__none_prob
ML_AI_data_analyst,0.17454776603138145,-0.09109942989112071,-0.0021070766504068224,-0.02708812153625541,0.3493296692189441,0.6781691039532494,-0.12292829645684929,0.2868024789952361,-0.07977404809182453,-0.37018130671468624,-0.11685324726442507,0.22976533486286904,-0.38646586013112927,0.41711680716285265,-0.014325409255122119,0.5039036290815843,-0.10022202640963326,-0.02650953364746575,0.19100397433912952,0.23140505255566168,-0.025927107765847734,-0.14728582666690995,-0.16159835154220922,-0.0027740461658650765,0.17954305696331418,-0.20307864273454762,-0.3195008662524097
ML_AI_data_engineer,0.24493771201239367,0.10239943601263604,0.013781304599958015,-0.027843484802482634,0.13181725297031183,0.2989079260920394,0.34281320972012197,0.4221709119592721,0.4098452954219918,-0.04682862494660445,-0.007799829941449454,-0.010090053240043476,-0.33327099224820744,-0.24368305262179588,-0.015089666091560993,0.2243343927275291,0.27672305539363656,0.1274352886698873,-0.16855218681345757,-0.027210987752941812,-0.0015276355588704459,0.0015249171515041016,0.031214811216073002,-0.0027690576393191394,-0.040493912952879185,-0.26518936155899114,-0.0857929302039595
ML_AI_data_scientist,0.33918046440196836,0.029394039891293827,0.013784319324814314,-0.031032842137330027,0.04671732517227223,0.10310469475328363,0.539966730368012,0.5320915646322701,0.5675641111924444,-0.026941285860127895,-0.03259917286951268,0.02432707772393369,-0.21446032832457412,-0.1568343901378468,-0.013688009471537269,0.21378970812813367,0.13104945238788934,0.0976699557305217,-0.08077350512521247,-0.11502456470545139,-0.00985912001712667,0.03978077236383515,0.1148935046635558,-0.002761231548525271,-0.008156694212978155,-0.10680858025094442,0.0547708684246806
ML_AI_scientist,0.07009812406343852,0.060305199099163986,-0.0021036256727716674,-0.029745178796192095,-0.10027557244531116,0.12962835860306468,0.29671545338200245,0.4910525260762166,0.6295222380218038,-0.04318439240395755,-0.017265707797363042,-0.013622769363788905,-0.38737834136973043,-0.329156339501164,-0.016065759206358957,-0.048909976168977576,0.12727270787333894,0.07078324266539265,-0.38115591057290554,-0.2235663524833163,-0.025934867896956256,-0.07201696383085786,0.0037739805013573824,-0.002770574760475351,-0.00946283374196899,-0.3918636042856853,0.00565082140985812
business_data_analyst,-0.1764477304114655,-0.07441931470889368,-0.0021071743091507387,-0.0013851250873186602,-0.06094237465102703,-0.06197465588620424,-0.11307862888967644,-0.10412746296998,-0.07429850903456882,0.06989602649938698,0.004479056123515263,0.0028365558420769092,0.15526809609246517,0.22546019354668095,0.021410081200463345,-0.09649040222872074,-0.07634016703721533,-0.024870020477300678,0.10809993493744818,0.0018653024646663185,0.0009295151861179393,-0.007757415124265921,0.024122307661624626,0.00143579301492907,0.0734071521234847,0.09699329184860705,0.014106628252784803
business_data_engineer,0.22880781895104985,0.16731378353190568,-0.0021033540335340588,0.007422105477645637,0.3411463688768583,0.22062381973732917,0.03301579966298382,-0.13812951672318496,-0.06613683903599724,-0.2675506385570051,-0.017219173446293062,-0.016755885962387577,-0.024431374995762034,0.312330652811538,0.07725819826229571,0.3187447742189675,-0.00917509923752069,0.020769235044455082,0.2838525258657131,0.3219945880496152,0.08624453636611287,-0.03572704162734984,0.08836793105607721,-0.0027726812480193936,0.08099681555976201,0.11512122015935444,-0.02838730483406171
business_data_scientist,0.17802055187751664,0.06686699010508612,-0.0021029556282175775,-0.02920838552066151,0.0687708929046909,-0.10252182450282227,0.10045061463460095,0.1619284126790813,-0.04699974180826507,0.10321678859529371,0.4206620800741212,0.08528158063697883,-0.010348113907513001,0.1939162851478095,-0.013874349552293564,-0.1535618928410808,-0.05874652742754457,-0.02728099504075627,0.18820845636192884,-0.18131414247259206,-0.01623539285578714,-0.07270815805946178,-0.08964904447158123,-0.002090416248350812,-0.029559135671220482,0.04484733864466506,0.04665139136715968
business_scientist,0.1079666463193345,-0.0913013137767041,-0.002107971258647068,-0.029619113953217695,-0.02402453645793945,-0.20042684561148733,0.13413399957989144,0.1234111969977219,0.23574328836133032,-0.17470785911692216,0.19186280711833056,0.0022455370310751205,-0.042577379485128186,0.23654408501755292,-0.015473364881520178,0.09753389194705317,-0.09872515630946246,-0.02701914323761882,0.10270634111959398,0.07232703873664603,-0.02580928873183854,-0.07054631847604799,-0.17823664614946116,-0.0027705187839082734,-0.07728528561441073,0.029277741682869896,-0.2397239319096114
general_data_data_analyst,-0.12671516656265924,-0.07923226583837542,-0.002107356095560232,0.011437588960811616,-0.04455579587155584,-0.07777850250270232,-0.12531244721255355,-0.11801324508828123,-0.08391467191265553,0.012767450097505795,-0.031843034189375355,-0.01359064924188639,0.13643556517242428,0.10408197410654474,0.004701744208138563,-0.1077190479314645,-0.06608012401639705,-0.020492447042123326,0.09373996350434532,0.0248599257180126,-0.012899853190127,0.039062405623569024,-0.00558881652006854,-0.0026894870874164425,-0.03630433446556902,0.0474651052569951,-0.05894183259253971
general_data_data_engineer,0.2326291699296854,0.24444602265477955,0.003600964223138512,0.033292496883046384,0.42156697125377135,0.25829165337500726,-0.125768384145638,-0.13002349257509416,-0.06119708708173215,-0.10809856406355978,-0.08238767474929218,-0.013406612623448333,-0.24599413605356313,-0.05440274429775949,0.0010114686993231738,0.4087489890032435,0.24234120906222945,0.02024326593740021,0.12538600360485253,0.29050697322555386,0.04924639197396315,-0.020077694624640374,0.16010233647407285,-0.002773008295541399,-0.11411727401363136,0.003695219952827733,-0.0658276060623636
general_data_data_scientist,0.23366225492749104,0.08618135832899651,-0.0008705220879972064,-0.01990596224149078,0.058269734776904114,0.022509294674646102,0.2954929788170383,0.3452764994491147,0.17483872344335918,0.08673290861683547,0.06914835461855112,0.03122141511816196,-0.20420457171688172,-0.08932580407242346,-0.011694360979504386,0.09592722962430075,0.045578948701496896,0.045401696586416,0.026264783388668667,-0.041556655243692564,0.006925417723562019,-0.02304471001016989,0.005032317529758634,-0.001720005544145087,-0.009890066912370155,-0.07889031865895679,-0.051644095864671336
general_data_scientist,-0.26359575837282706,-0.0985928873824013,-0.00210798615518077,-0.023720889865378694,-0.11612376914899336,-0.23007141180059476,-0.192700384077067,-0.17763443612092317,-0.09225756224889499,-0.2970074953026049,-0.09937219128748234,-0.01952648099993404,-0.38974892574787906,-0.33012478936332296,-0.016540591002543844,0.09183643968966124,0.22466282506631996,-0.027452739395655266,-0.25198637512025984,0.053981520025361995,-0.024485743240206304,-0.14563026456422076,-0.09920424848624498,-0.0027152184553633457,-0.11030896800712886,0.009952703157968146,-0.3017908493920064
health_data_analyst,0.03234270965234143,-0.10297085654257723,-0.0021019759407384583,0.01891331940929189,-0.20766189243920782,-0.16105363119902016,-0.019117870761259703,-0.05294559897601381,-0.07763575986017784,0.10966555204663897,-0.07949504798789775,-0.011841164853465105,0.26597818411697705,0.05993621157496953,-0.012075147251830141,-0.17228168401740773,-0.10281547815970422,-0.02723079261776634,0.15465061943984637,-0.11524315992441933,-0.025932728194293014,0.0034365473435936933,-0.14532419112619374,0.0038029409518544467,0.0019280663161935774,0.13945759310508465,-0.005422758887722368
health_data_engineer,0.39328841130129644,0.22845506672847798,-0.0021079754183712584,-0.02994704006408016,0.30936838614209233,0.14626185655875026,-0.21531750580502404,-0.18913827107003264,-0.09206883590531789,0.28554883359366,-0.034288867771549505,-0.019612568365285882,-0.38851256669637146,0.014974815099742633,-0.015937574500061377,0.11140003944289914,0.0033060192829594964,-0.024129921506654353,0.42464253977608346,0.2510026185309516,0.30754067829494836,-0.14576238219622864,-0.02729198006773939,-0.0027742392923164045,-0.11237018318369507,-0.031944465507115494,-0.2786972401222453
health_data_scientist,0.23811083123289067,-0.029919163480481778,-0.002102585890118077,0.012519196471280483,-0.1889873264385242,0.1795584776111608,0.25213511096933294,0.20117609452052365,0.33229023577162187,0.13941013013536618,0.03473591932971912,-0.018270701716827056,-0.11701619980042921,-0.16783026013162092,-0.011982768630013442,-0.1368034997685606,-0.059662252645177195,-0.026264933885586893,-0.2173802925480765,-0.12422519376378025,-0.0016384483119106681,0.1695641997483461,-0.038854532718838736,-0.002747023766196534,0.11691655199966122,0.19065410246827663,0.10487277940229661
health_scientist,-0.2981407331219537,-0.10321060147454507,-0.0021067992590186454,-0.030106126663477797,-0.3339625865511813,-0.03446266341321105,-0.10291435920906616,-0.10978769595683058,-0.08204312833156091,-0.1953809222205905,0.0029562372080244037,-0.01942146410717819,0.14939443646014627,-0.3143160813527456,-0.016190928976498882,-0.1838183620897694,-0.09025682677376053,-0.02740996242242362,-0.5343827567262033,-0.2324087432634571,-0.025709653150644548,-0.0036945752801004483,-0.16761874760300813,0.017636193956655725,0.13591790658684155,-0.21700948042423468,0.2922286269334547
research_data_analyst,0.20348263185377957,-0.0981020614327981,-0.002107863093786798,-0.030534698225938548,-0.19753897360730097,-0.11154715445930494,0.08338407892616881,0.230713426846001,-0.07686199105779473,0.0012077642904670949,0.45963587666623873,0.2655514549643854,-0.031145447513915736,-0.2665326511155399,-0.015815911361544904,-0.21700627950051932,-0.09936197227141247,-0.026535314600539994,-0.043921253168598295,-0.1832906963977574,-0.02563238005694763,-0.13921362634198078,-0.17667152003056427,-0.0027721216249332117,0.051829652696856354,0.22653054268935224,-0.29749368977127133
research_data_scientist,0.31115590946239735,-0.10702179806331942,-0.002104231235344071,-0.0329269630705694,-0.27041939621754163,0.5181284800604513,0.6562810546089716,-0.06626815576330206,0.6467526499094302,0.2534448432697616,-0.049811730829258064,-0.019030596710024706,-0.3411072738175286,-0.20558558410043457,-0.015688583207377857,-0.23157773156462344,-0.10149036404670915,-0.02762438880367049,-0.4847949071200357,-0.2630906246623283,-0.025969318325350238,0.602623131869299,-0.18049456872553152,-0.0027718319341577796,0.11861831568437942,0.31369981729244123,0.41477903924051157
research_scientist,-0.1259794694373299,-0.09009271461335769,0.00583448499114735,-0.01943311614953471,-0.32039215465303916,-0.11013767237949335,0.06763879863279773,-0.05500148971890648,-0.017766195930533635,-0.1095590964645704,0.03231288895153034,-0.004182703680777706,0.028924577944210994,-0.3050679814056051,-0.01556086755180151,-0.17837143666201388,-0.08037136945539804,-0.010865371781641785,-0.5000545300770073,-0.22352638290787125,-0.024017450583906103,-0.058334821101380385,-0.14755457364205105,-0.0003426077467420484,0.08604780212892693,-0.11988022359127182,0.20757989920401304
security_data_analyst,-0.21678477952265734,-0.0663344213870772,-0.0021067496408416703,-0.02833820131885169,-0.11165642821054367,-0.15672070127704402,-0.01789473011556547,-0.13251212066364054,-0.05112987555356943,-0.17642948192258978,-0.1263161603820247,-0.01712253774320618,0.22026181337519102,-0.12292566605060018,-0.014456156163983262,0.043163472562184696,-0.03955092173898242,-0.026690047007370134,-0.10068332557961307,-0.06375158170902406,-0.006282793783039805,-0.04444466843514676,-0.01769971697295411,-0.002725319331868061,0.07419290302441306,0.14350242010956793,0.18187076385480277
security_data_engineer,-0.008383026544406369,0.028902625373307872,-0.002107962067445354,-0.02761799469696066,0.07941895636170854,-0.17991592490040487,-0.044542943962631615,-0.14308080422151462,-0.0898089273329876,-0.153056488697355,-0.10430956252982476,-0.01927472458449207,-0.32719259369300024,-0.03979220633231889,-0.016340799422276918,0.06121954159142154,-0.0630048058425097,-0.02738204463609933,0.26892197270288243,0.06724529194593415,-0.025940081576838938,-0.14500162222507057,0.3980084191926751,-0.002743458062656443,0.1464542703840176,0.027018291246313497,0.14066922158064832
security_data_scientist,0.3128264537191797,0.01565431149363794,-0.002088202250253699,0.017962572307232832,0.42946634772655784,0.08617515920267863,0.11929106265262338,0.21466659383194425,0.14276212995745816,0.17757606701979345,-0.04840385799659387,-0.01888857855221679,-0.275147441912784,-0.05096914687454501,-0.012147540652739897,0.1941665834908534,0.17088430616679662,-0.026029996228519554,-0.005690295324492389,-0.10626510751777679,-0.02540844279108752,-0.07191354192109613,-0.057963457386435324,-0.002771043323203531,0.14767403281342395,0.07853945652648486,0.22603852427347854
security_scientist,-0.30728599507977133,-0.10767569289102637,-0.0021079241054629636,-0.03337247266139201,-0.37674575996739884,-0.22208993717792722,-0.18483089594767804,0.04623351999372338,0.15272878665952752,-0.3813523190626729,-0.11083998546051674,-0.01955111780892676,-0.12665372882522974,-0.3302614957340979,-0.01668061802064162,-0.22663190394621543,0.14340834479120554,-0.027385307521436655,-0.543395340830494,-0.26652476266589975,-0.02597163024424874,-0.14745860326733365,-0.1758114519647309,-0.00277471731639321,0.13853087298378475,-0.3226094872650622,-0.07555801476587681
sport_data_analyst,0.3597587633970327,-0.10947172417631972,-0.002107991920498491,-0.031197911382203458,0.13147580624961558,-0.1757660462092165,0.09020051852062114,0.39657365641507564,0.17570872125520667,0.04793282343444605,0.16364339592784485,-0.017550377622308017,-0.027988242521304607,0.029250705749066463,-0.014018472527452632,0.020568241011570204,-0.09287059270909817,-0.027062122769367307,0.3083551550778655,-0.010140747865267974,-0.025958948169894254,0.10246400671302672,0.07043976531484186,0.2472975498833088,-0.009888844300532051,0.28066076719040045,-0.20132170639517308
sport_data_scientist,0.38858185658098743,-0.10646015376434699,-0.0021073581757706105,-0.03217707621087874,0.19732678409212873,-0.031244954636769406,0.559054681214823,0.4059132384614061,0.5485335593239761,-0.05494391242308316,0.3373492657538838,-0.017428148522379023,-0.1899470377841136,-0.32407494974344414,-0.015851989039680284,-0.2159425601940032,-0.09418947629023224,-0.02763034630430104,0.07765925801913587,-0.250786357134406,-0.02584075531072126,0.2516827325514771,-0.17745170767569182,0.39715970809156154,-0.13284400159086562,-0.2710293429861195,-0.2999697871528499
